Customer_ID,Age,Gender,Marital_Status,Region,Card_Type,Annual_Income,Credit_Limit,Join_Date
C00001,25.0,M,Single,South,Gold,1092000.0,150000,2019-03-10
C00002,58.0,M,Single,North,Silver,664000.0,50000,2022-12-12
C00003,53.0,M,Married,East,Gold,895000.0,150000,2020-03-03
C00004,42.0,M,Single,East,Silver,359000.0,50000,2022-11-23
C00005,42.0,Female,Married,South,Silver,621000.0,50000,2022-02-03
C00006,63.0,M,Single,West,Gold,1192000.0,150000,2020-02-10
C00007,25.0,male ,Single,East,Gold,1082000.0,150000,2021-07-28
C00008,55.0,M,Married,North,Platinum,2541000.0,300000,2019-03-15
C00009,30.0,Female,Married,West,Platinum,2576000.0,300000,2022-11-04
C00010,25.0,M,Single,North,Platinum,2223000.0,300000,2020-08-30
C00011,46.0,Female,Married,East,Platinum,2752000.0,300000,2021-02-05
C00012,68.0,Female,Single,South,Gold,1204000.0,150000,2019-11-11
C00013,57.0,M,Single,East,Silver,587000.0,50000,2020-12-30
C00014,58.0,Female,Single,West,Gold,953000.0,150000,2021-03-02
C00015,56.0,M,Married,East,Silver,351000.0,50000,2020-03-25
C00016,59.0,male ,Single,East,Silver,434000.0,50000,2024-05-12
C00017,,Female,Divorced,West,Silver,617000.0,50000,2020-07-13
C00018,27.0,Female,Married,East,Platinum,2394000.0,300000,2019-12-29
C00019,62.0,M,Married,West,Platinum,1863000.0,300000,2022-01-01
C00020,43.0,M,Married,South,Signature,4552000.0,600000,2020-09-29
C00021,45.0,Female,Married,North,Signature,3347000.0,600000,2021-06-26
C00022,39.0,Female,Single,North,Platinum,1769000.0,300000,2022-12-21
C00023,29.0,Female,Married,East,Silver,682000.0,50000,2019-06-06
C00024,66.0,Female,Single,East,Platinum,1978000.0,300000,2021-10-15
C00025,59.0,Female,Married,North,Platinum,1743000.0,300000,2019-02-13
C00026,52.0,M,Married,North,Platinum,2082000.0,300000,2019-03-29
C00027,40.0,Female,Married,West,Silver,485000.0,50000,2019-07-05
C00028,61.0,M,Single,East,Silver,605000.0,50000,2019-11-20
C00029,47.0,Female,Single,West,Platinum,2747000.0,300000,2020-11-29
C00030,42.0,M,Married,North,Silver,557000.0,50000,2024-02-14
C00031,43.0,Female,Single,North,Silver,557000.0,50000,2023-12-18
C00032,32.0,Female,Married,South,Gold,955000.0,150000,2019-07-26
C00033,25.0,M,Married,West,Silver,548000.0,50000,2024-06-05
C00034,48.0,Female,Married,East,Silver,462000.0,50000,2022-06-24
C00035,64.0,M,Divorced,West,Signature,2803000.0,600000,2022-01-12
C00036,24.0,Female,Single,South,Platinum,2613000.0,300000,2023-05-04
C00037,63.0,M,Single,South,Platinum,2001000.0,300000,2021-08-26
C00038,61.0,M,Married,East,Silver,522000.0,50000,2020-06-14
C00039,34.0,M,Married,West,Silver,379000.0,50000,2021-11-25
C00040,51.0,M,Single,South,Gold,1286000.0,150000,2022-12-21
C00041,29.0,M,Married,East,Gold,819000.0,150000,2022-09-27
C00042,58.0,Female,Divorced,West,Silver,494000.0,50000,2019-12-06
C00043,55.0,Female,Single,South,Platinum,2576000.0,300000,2024-02-20
C00044,38.0,Female,Married,West,Signature,4082000.0,600000,2020-07-23
C00045,24.0,M,Single,East,Gold,1352000.0,150000,2023-06-28
C00046,68.0,M,Divorced,West,Silver,423000.0,50000,2020-09-15
C00047,42.0,M,Married,South,Silver,600000.0,50000,2019-05-07
C00048,64.0,Female,Single,East,Silver,692000.0,50000,2024-06-15
C00049,54.0,Female,Divorced,South,Silver,542000.0,50000,2022-03-23
C00050,59.0,M,Married,East,Gold,1185000.0,150000,2020-03-05
C00051,58.0,Female,Single,South,Gold,975000.0,150000,2019-01-01
C00052,30.0,M,Married,East,Gold,1226000.0,150000,2019-09-16
C00053,38.0,M,Single,West,Platinum,2672000.0,300000,2019-12-06
C00054,43.0,M,Single,South,Silver,596000.0,50000,2024-01-26
C00055,45.0,M,Single,South,Silver,678000.0,50000,2019-12-21
C00056,23.0,Female,Married,South,Silver,556000.0,50000,2019-11-20
C00057,47.0,Female,Single,East,Silver,552000.0,50000,2023-08-03
C00058,28.0,M,Married,East,Gold,913000.0,150000,2023-10-25
C00059,57.0,Female,Married,East,Platinum,2393000.0,300000,2020-02-22
C00060,54.0,Female,Married,North,Platinum,2635000.0,300000,2022-07-24
C00061,66.0,Female,Single,North,Gold,1152000.0,150000,2021-12-04
C00062,57.0,Female,Married,North,Gold,863000.0,150000,2022-02-27
C00063,38.0,M,Married,West,Silver,540000.0,50000,2020-09-14
C00064,68.0,Female,Single,West,Gold,1229000.0,150000,2023-02-11
C00065,41.0,M,Married,North,Silver,679000.0,50000,2023-10-28
C00066,36.0,male ,Married,North,Platinum,1619000.0,300000,2022-12-22
C00067,65.0,M,Married,West,Gold,789000.0,150000,2023-12-12
C00068,39.0,Female,Married,East,Silver,495000.0,50000,2019-08-10
C00069,24.0,M,Single,South,Silver,394000.0,50000,2022-08-07
C00070,44.0,M,Married,East,Silver,693000.0,50000,2024-06-21
C00071,59.0,Female,Married,North,Platinum,1994000.0,300000,2021-12-07
C00072,30.0,Female,Divorced,North,Silver,537000.0,50000,2024-02-27
C00073,43.0,M,Single,South,Silver,429000.0,50000,2020-11-27
C00074,27.0,Female,Single,West,Silver,507000.0,50000,2023-11-29
C00075,54.0,Female,Single,West,Platinum,2779000.0,300000,2024-02-21
C00076,44.0,M,Divorced,North,Gold,1042000.0,150000,2022-05-29
C00077,37.0,Female,Married,East,Gold,706000.0,150000,2022-11-10
C00078,32.0,M,Single,West,Silver,435000.0,50000,2021-11-11
C00079,48.0,Female,Single,West,Silver,692000.0,50000,2020-09-25
C00080,53.0,M,Married,West,Platinum,2785000.0,300000,2021-12-08
C00081,67.0,M,Married,North,Silver,424000.0,50000,2024-04-08
C00082,42.0,Female,Married,North,Silver,565000.0,50000,2019-01-30
C00083,28.0,Female,Single,North,Gold,754000.0,150000,2020-02-15
C00084,61.0,Female,Single,North,Silver,552000.0,50000,2021-09-25
C00085,51.0,Female,Single,North,Silver,,50000,2020-11-09
C00086,55.0,Female,Married,South,Platinum,2546000.0,300000,2022-06-01
C00087,25.0,Female,Married,East,Gold,1358000.0,150000,2020-12-22
C00088,36.0,male ,Married,South,Silver,411000.0,50000,2022-08-10
C00089,58.0,M,Married,South,Silver,512000.0,50000,2019-08-01
C00090,61.0,M,Divorced,North,Gold,771000.0,150000,2020-10-26
C00091,42.0,M,Single,North,Silver,469000.0,50000,2022-10-17
C00092,60.0,male ,Divorced,West,Silver,373000.0,50000,2021-07-31
C00093,62.0,M,Single,East,Gold,885000.0,150000,2022-11-28
C00094,39.0,male ,Divorced,North,Gold,1393000.0,150000,2022-06-26
C00095,65.0,Female,Married,West,Signature,2925000.0,600000,2020-10-18
C00096,35.0,M,Married,West,Silver,651000.0,50000,2021-05-06
C00097,32.0,M,Married,West,Silver,377000.0,50000,2024-04-13
C00098,54.0,Female,Married,North,Gold,1070000.0,150000,2024-04-08
C00099,52.0,Female,Married,East,Gold,1016000.0,150000,2019-03-13
C00100,27.0,M,Married,West,Silver,676000.0,50000,2022-11-11
C00101,61.0,M,Divorced,West,Gold,839000.0,150000,2021-09-08
C00102,30.0,M,Married,North,Silver,413000.0,50000,2019-01-03
C00103,60.0,Female,Divorced,West,Platinum,2448000.0,300000,2022-06-22
C00104,21.0,Female,Single,South,Platinum,2416000.0,300000,2019-02-16
C00105,60.0,M,Single,South,Gold,1189000.0,150000,2020-09-29
C00106,59.0,Female,Single,East,Signature,2873000.0,600000,2022-10-12
C00107,59.0,M,Married,West,Signature,3528000.0,600000,2023-06-14
C00108,53.0,male ,Single,North,Silver,644000.0,50000,2021-04-05
C00109,44.0,Female,Married,East,Silver,560000.0,50000,2023-06-06
C00110,55.0,M,Divorced,West,Gold,1122000.0,150000,2023-08-06
C00111,34.0,M,Married,East,Silver,454000.0,50000,2021-06-14
C00112,59.0,M,Married,South,Silver,441000.0,50000,2019-12-13
C00113,48.0,Female,Single,North,Silver,681000.0,50000,2022-08-11
C00114,43.0,Female,Single,East,Signature,4838000.0,600000,2019-01-28
C00115,45.0,Female,Married,East,Gold,789000.0,150000,2023-11-22
C00116,48.0,M,Single,East,Platinum,2713000.0,300000,2021-02-15
C00117,22.0,M,Married,West,Silver,554000.0,50000,2023-03-01
C00118,27.0,Female,Single,East,Silver,467000.0,50000,2023-01-12
C00119,33.0,M,Married,East,Platinum,1956000.0,300000,2021-08-03
C00120,26.0,Female,Married,North,Silver,604000.0,50000,2024-04-27
C00121,42.0,Female,Married,East,Silver,482000.0,50000,2023-05-12
C00122,53.0,M,Married,North,Silver,553000.0,50000,2023-11-03
C00123,53.0,Female,Married,East,Gold,1197000.0,150000,2019-07-07
C00124,44.0,M,Married,North,Silver,418000.0,50000,2021-08-26
C00125,62.0,M,Married,West,Silver,680000.0,50000,2024-03-18
C00126,48.0,Female,Married,South,Silver,475000.0,50000,2023-06-14
C00127,24.0,M,Married,South,Silver,497000.0,50000,2021-06-27
C00128,58.0,Female,Married,North,Silver,594000.0,50000,2019-05-21
C00129,49.0,Female,Single,North,Gold,1126000.0,150000,2020-07-18
C00130,52.0,Female,Divorced,West,Silver,504000.0,50000,2022-02-18
C00131,48.0,Female,Married,South,Silver,577000.0,50000,2022-07-07
C00132,48.0,M,Divorced,East,Gold,1332000.0,150000,2024-01-23
C00133,25.0,M,Married,West,Gold,1260000.0,150000,2019-07-05
C00134,48.0,Female,Married,East,Silver,638000.0,50000,2021-03-03
C00135,59.0,Female,Single,North,Silver,440000.0,50000,2020-06-28
C00136,35.0,M,Single,South,Silver,497000.0,50000,2024-04-04
C00137,50.0,M,Single,South,Signature,4351000.0,600000,2019-11-29
C00138,22.0,M,Married,South,Silver,365000.0,50000,2020-03-17
C00139,38.0,M,Single,North,Silver,619000.0,50000,2020-08-18
C00140,42.0,Female,Married,East,Gold,926000.0,150000,2019-07-31
C00141,69.0,M,Married,South,Silver,449000.0,50000,2022-07-10
C00142,31.0,Female,Married,South,Silver,441000.0,50000,2021-11-15
C00143,34.0,Female,Divorced,South,Silver,449000.0,50000,2022-01-20
C00144,41.0,Female,Married,South,Gold,937000.0,150000,2023-12-20
C00145,69.0,M,Single,North,Gold,1123000.0,150000,2021-05-16
C00146,62.0,male ,Single,South,Gold,1108000.0,150000,2020-09-14
C00147,22.0,Female,Single,West,Platinum,1758000.0,300000,2021-01-20
C00148,32.0,male ,Single,East,Silver,422000.0,50000,2023-05-20
C00149,61.0,M,Single,East,Platinum,,300000,2021-11-22
C00150,23.0,Female,Married,West,Platinum,1530000.0,300000,2019-12-05
C00151,62.0,M,Married,East,Platinum,2118000.0,300000,2022-10-11
C00152,34.0,Female,Single,North,Gold,1064000.0,150000,2023-01-31
C00153,65.0,M,Married,South,Silver,551000.0,50000,2020-05-14
C00154,35.0,M,Married,South,Silver,660000.0,50000,2022-01-19
C00155,42.0,Female,Married,South,Gold,1137000.0,150000,2022-02-01
C00156,53.0,M,Married,North,Silver,691000.0,50000,2019-12-17
C00157,27.0,M,Married,North,Gold,1310000.0,150000,2019-01-19
C00158,48.0,M,Married,South,Silver,425000.0,50000,2022-12-07
C00159,45.0,M,Divorced,West,Silver,434000.0,50000,2022-05-15
C00160,59.0,Female,Married,East,Signature,3765000.0,600000,2022-11-28
C00161,69.0,M,Divorced,West,Gold,974000.0,150000,2021-01-24
C00162,53.0,Female,Divorced,North,Gold,1087000.0,150000,2021-10-27
C00163,41.0,male ,Married,South,Silver,431000.0,50000,2024-05-17
C00164,40.0,M,Single,East,Gold,856000.0,150000,2020-03-26
C00165,41.0,M,Single,South,Platinum,1934000.0,300000,2022-07-29
C00166,60.0,Female,Single,South,Gold,1170000.0,150000,2019-09-22
C00167,36.0,Female,Married,South,Gold,1182000.0,150000,2019-05-12
C00168,29.0,Female,Married,North,Gold,1383000.0,150000,2024-03-29
C00169,37.0,Female,Married,West,Silver,421000.0,50000,2019-09-17
C00170,22.0,M,Single,West,Gold,975000.0,150000,2022-08-04
C00171,26.0,M,Divorced,North,Signature,5501000.0,600000,2021-10-25
C00172,25.0,Female,Single,South,Gold,1183000.0,150000,2023-06-07
C00173,58.0,M,Single,East,Silver,557000.0,50000,2021-12-29
C00174,56.0,Female,Divorced,West,Gold,1078000.0,150000,2022-10-25
C00175,55.0,M,Single,West,Gold,753000.0,150000,2023-11-24
C00176,43.0,Female,Married,South,Signature,5301000.0,600000,2023-07-17
C00177,56.0,M,Single,East,Gold,1138000.0,150000,2022-12-14
C00178,28.0,M,Married,West,Silver,550000.0,50000,2019-11-21
C00179,65.0,M,Married,West,Silver,539000.0,50000,2019-12-05
C00180,45.0,male ,Married,South,Gold,974000.0,150000,2021-09-20
C00181,66.0,Female,Divorced,West,Silver,439000.0,50000,2022-08-10
C00182,28.0,M,Married,South,Gold,1229000.0,150000,2022-08-27
C00183,45.0,M,Married,North,Platinum,2113000.0,300000,2023-04-23
C00184,55.0,M,Married,West,Gold,724000.0,150000,2019-07-26
C00185,45.0,M,Married,West,Silver,490000.0,50000,2019-12-13
C00186,42.0,Female,Married,South,Gold,1350000.0,150000,2019-10-27
C00187,29.0,M,Single,South,Gold,962000.0,150000,2021-12-18
C00188,39.0,Female,Single,South,Silver,495000.0,50000,2022-06-21
C00189,32.0,M,Married,North,Gold,1137000.0,150000,2019-08-20
C00190,35.0,Female,Married,West,Gold,1261000.0,150000,2023-10-04
C00191,54.0,M,Married,North,Platinum,2336000.0,300000,2020-08-29
C00192,51.0,M,Married,East,Silver,648000.0,50000,2022-08-13
C00193,50.0,Female,Single,North,Silver,390000.0,50000,2023-02-12
C00194,38.0,Female,Single,East,Gold,1347000.0,150000,2019-03-14
C00195,68.0,male ,Single,West,Silver,666000.0,50000,2023-09-26
C00196,25.0,M,Married,East,Gold,1063000.0,150000,2024-04-24
C00197,37.0,M,Single,East,Platinum,2275000.0,300000,2024-04-01
C00198,,Female,Married,West,Silver,424000.0,50000,2019-10-07
C00199,37.0,M,Married,West,Gold,1014000.0,150000,2021-02-24
C00200,68.0,Female,Divorced,West,Signature,3368000.0,600000,2020-04-10
C00201,38.0,Female,Single,North,Gold,715000.0,150000,2021-06-20
C00202,65.0,Female,Divorced,East,Gold,1387000.0,150000,2024-05-03
C00203,45.0,Female,Divorced,West,Gold,881000.0,150000,2023-03-07
C00204,55.0,Female,Single,South,Silver,558000.0,50000,2023-03-23
C00205,43.0,M,Divorced,East,Silver,455000.0,50000,2021-04-23
C00206,34.0,M,Married,North,Gold,959000.0,150000,2024-02-17
C00207,58.0,Female,Married,West,Silver,489000.0,50000,2024-01-15
C00208,68.0,M,Married,East,Silver,467000.0,50000,2023-06-02
C00209,33.0,M,Married,East,Silver,573000.0,50000,2023-06-17
C00210,59.0,M,Married,West,Platinum,2745000.0,300000,2022-07-27
C00211,33.0,Female,Married,North,Silver,500000.0,50000,2019-07-10
C00212,56.0,Female,Single,South,Platinum,2763000.0,300000,2020-07-23
C00213,59.0,Female,Single,West,Silver,584000.0,50000,2023-03-18
C00214,,M,Single,North,Gold,1125000.0,150000,2020-10-15
C00215,57.0,M,Married,West,Silver,433000.0,50000,2019-12-11
C00216,34.0,Female,Single,South,Silver,372000.0,50000,2024-03-09
C00217,24.0,M,Married,East,Gold,1296000.0,150000,2021-09-03
C00218,25.0,Female,Married,East,Gold,1102000.0,150000,2023-09-18
C00219,42.0,Female,Married,East,Silver,495000.0,50000,2020-07-22
C00220,65.0,M,Married,West,Gold,1268000.0,150000,2020-12-19
C00221,27.0,M,Married,South,Gold,917000.0,150000,2020-11-17
C00222,43.0,M,Single,North,Silver,624000.0,50000,2021-01-16
C00223,55.0,Female,Single,South,Gold,930000.0,150000,2021-05-25
C00224,30.0,male ,Single,East,Silver,672000.0,50000,2020-08-18
C00225,56.0,M,Married,West,Gold,888000.0,150000,2023-06-17
C00226,35.0,Female,Single,West,Silver,398000.0,50000,2020-10-14
C00227,60.0,M,Single,South,Gold,1189000.0,150000,2021-06-02
C00228,49.0,M,Married,West,Silver,407000.0,50000,2023-09-18
C00229,47.0,Female,Single,North,Gold,1365000.0,150000,2021-05-24
C00230,29.0,M,Married,North,Gold,1159000.0,150000,2019-01-22
C00231,43.0,M,Married,North,Platinum,1723000.0,300000,2019-01-01
C00232,,Female,Married,West,Gold,846000.0,150000,2021-05-22
C00233,21.0,M,Married,North,Platinum,2693000.0,300000,2022-07-21
C00234,58.0,Female,Married,East,Silver,563000.0,50000,2024-02-29
C00235,45.0,M,Married,West,Silver,663000.0,50000,2019-09-19
C00236,56.0,M,Married,West,Silver,389000.0,50000,2021-12-21
C00237,53.0,M,Divorced,West,Gold,1348000.0,150000,2020-07-31
C00238,42.0,M,Married,North,Gold,1064000.0,150000,2021-06-19
C00239,36.0,M,Married,South,Platinum,2336000.0,300000,2021-06-04
C00240,51.0,M,Married,East,Gold,961000.0,150000,2020-09-16
C00241,27.0,Female,Single,East,Gold,741000.0,150000,2019-02-06
C00242,49.0,M,Single,East,Silver,685000.0,50000,2019-05-28
C00243,25.0,M,Divorced,East,Silver,698000.0,50000,2021-11-10
C00244,52.0,M,Married,South,Platinum,1910000.0,300000,2020-03-24
C00245,51.0,M,Married,North,Silver,680000.0,50000,2020-10-16
C00246,25.0,M,Single,South,Silver,409000.0,50000,2019-06-30
C00247,58.0,Female,Married,South,Signature,3233000.0,600000,2019-04-10
C00248,41.0,M,Single,East,Signature,3005000.0,600000,2019-09-11
C00249,59.0,Female,Single,West,Gold,974000.0,150000,2021-01-24
C00250,23.0,Female,Married,East,Silver,,50000,2019-11-24
C00251,29.0,M,Divorced,East,Platinum,1953000.0,300000,2020-04-07
C00252,45.0,M,Single,North,Silver,398000.0,50000,2020-08-27
C00253,30.0,M,Married,East,Gold,1211000.0,150000,2020-08-05
C00254,37.0,Female,Married,South,Silver,642000.0,50000,2019-01-23
C00255,53.0,M,Married,North,Platinum,2363000.0,300000,2019-08-23
C00256,28.0,Female,Single,North,Platinum,1681000.0,300000,2024-03-15
C00257,54.0,Female,Married,West,Gold,1237000.0,150000,2022-08-28
C00258,26.0,Female,Married,West,Silver,437000.0,50000,2019-09-05
C00259,29.0,Female,Single,East,Gold,1232000.0,150000,2020-07-21
C00260,49.0,male ,Married,West,Silver,,50000,2021-02-05
C00261,59.0,M,Married,North,Platinum,1913000.0,300000,2023-12-17
C00262,29.0,male ,Single,South,Silver,379000.0,50000,2023-10-26
C00263,35.0,M,Married,West,Silver,640000.0,50000,2023-03-21
C00264,66.0,Female,Married,North,Gold,1358000.0,150000,2019-08-02
C00265,69.0,Female,Married,East,Gold,1166000.0,150000,2021-09-07
C00266,49.0,Female,Married,North,Platinum,2750000.0,300000,2021-08-25
C00267,42.0,M,Married,South,Silver,677000.0,50000,2022-06-29
C00268,37.0,Female,Single,South,Platinum,1672000.0,300000,2023-08-17
C00269,,M,Divorced,South,Silver,,50000,2020-10-03
C00270,49.0,M,Married,West,Silver,,50000,2022-01-18
C00271,35.0,Female,Divorced,West,Gold,1041000.0,150000,2020-06-11
C00272,22.0,M,Single,East,Silver,405000.0,50000,2020-02-25
C00273,28.0,M,Single,East,Gold,1382000.0,150000,2020-09-18
C00274,67.0,Female,Single,North,Silver,604000.0,50000,2023-01-11
C00275,41.0,M,Single,North,Silver,443000.0,50000,2021-05-25
C00276,44.0,M,Single,North,Gold,960000.0,150000,2022-09-24
C00277,43.0,M,Married,West,Silver,498000.0,50000,2022-10-14
C00278,59.0,M,Married,North,Gold,1223000.0,150000,2020-12-25
C00279,24.0,Female,Married,South,Platinum,2696000.0,300000,2024-03-25
C00280,25.0,Female,Married,West,Silver,463000.0,50000,2019-04-03
C00281,34.0,M,Single,East,Platinum,2062000.0,300000,2023-11-29
C00282,44.0,M,Married,East,Silver,558000.0,50000,2019-01-16
C00283,53.0,M,Married,North,Silver,488000.0,50000,2021-02-03
C00284,45.0,Female,Married,East,Silver,526000.0,50000,2023-07-09
C00285,42.0,Female,Married,East,Platinum,1548000.0,300000,2022-09-30
C00286,66.0,Female,Single,South,Gold,817000.0,150000,2020-10-05
C00287,28.0,M,Single,East,Gold,981000.0,150000,2023-11-07
C00288,49.0,M,Married,West,Signature,5362000.0,600000,2019-10-03
C00289,47.0,M,Married,South,Silver,472000.0,50000,2022-09-03
C00290,44.0,Female,Married,South,Platinum,1750000.0,300000,2021-11-03
C00291,60.0,M,Married,South,Gold,1220000.0,150000,2020-02-19
C00292,34.0,Female,Single,West,Platinum,2729000.0,300000,2024-01-16
C00293,67.0,Female,Single,North,Platinum,2043000.0,300000,2023-03-12
C00294,37.0,M,Married,West,Signature,2824000.0,600000,2019-01-17
C00295,47.0,M,Married,West,Silver,591000.0,50000,2019-06-23
C00296,46.0,M,Divorced,South,Platinum,1981000.0,300000,2019-04-23
C00297,62.0,M,Single,East,Platinum,2343000.0,300000,2021-04-10
C00298,42.0,M,Married,West,Gold,894000.0,150000,2021-04-14
C00299,34.0,Female,Married,West,Silver,351000.0,50000,2022-12-18
C00300,22.0,M,Married,South,Signature,3765000.0,600000,2022-09-13
C00301,38.0,M,Divorced,North,Silver,597000.0,50000,2019-01-31
C00302,61.0,Female,Married,East,Gold,975000.0,150000,2021-08-10
C00303,21.0,Female,Married,North,Gold,853000.0,150000,2023-04-19
C00304,64.0,M,Divorced,North,Silver,512000.0,50000,2023-12-01
C00305,47.0,Female,Single,West,Gold,1227000.0,150000,2020-08-07
C00306,27.0,Female,Married,South,Silver,392000.0,50000,2019-03-30
C00307,35.0,Female,Married,East,Gold,1184000.0,150000,2019-11-02
C00308,48.0,Female,Married,North,Platinum,2334000.0,300000,2020-11-11
C00309,36.0,M,Single,North,Silver,480000.0,50000,2021-06-05
C00310,26.0,Female,Married,North,Gold,1379000.0,150000,2020-12-03
C00311,53.0,M,Divorced,South,Silver,663000.0,50000,2019-07-01
C00312,53.0,Female,Divorced,North,Platinum,1843000.0,300000,2020-11-11
C00313,26.0,Female,Married,South,Signature,2887000.0,600000,2020-08-02
C00314,34.0,M,Single,South,Silver,458000.0,50000,2021-09-02
C00315,32.0,M,Married,East,Gold,843000.0,150000,2019-06-08
C00316,53.0,Female,Married,East,Gold,1083000.0,150000,2023-05-01
C00317,56.0,male ,Single,South,Gold,1343000.0,150000,2021-04-14
C00318,56.0,M,Married,South,Gold,1309000.0,150000,2020-09-27
C00319,66.0,Female,Married,North,Gold,914000.0,150000,2023-12-19
C00320,58.0,Female,Married,South,Gold,1000000.0,150000,2023-01-28
C00321,36.0,M,Married,West,Silver,363000.0,50000,2019-10-01
C00322,26.0,M,Married,West,Silver,540000.0,50000,2019-10-20
C00323,51.0,M,Single,South,Platinum,1489000.0,300000,2019-01-05
C00324,65.0,Female,Single,West,Silver,679000.0,50000,2022-01-26
C00325,68.0,M,Single,East,Gold,1307000.0,150000,2020-12-10
C00326,32.0,Female,Single,North,Silver,425000.0,50000,2021-01-20
C00327,32.0,M,Married,West,Platinum,2379000.0,300000,2021-10-15
C00328,22.0,Female,Single,South,Gold,1098000.0,150000,2021-12-14
C00329,27.0,M,Married,East,Gold,1261000.0,150000,2019-01-02
C00330,48.0,M,Married,East,Silver,516000.0,50000,2019-08-04
C00331,47.0,Female,Divorced,South,Gold,834000.0,150000,2023-04-28
C00332,39.0,M,Married,East,Signature,4592000.0,600000,2024-03-21
C00333,36.0,Female,Married,East,Gold,756000.0,150000,2023-08-02
C00334,61.0,Female,Married,South,Gold,1109000.0,150000,2023-12-18
C00335,43.0,Female,Married,South,Platinum,1698000.0,300000,2021-07-16
C00336,60.0,male ,Married,East,Silver,,50000,2023-07-11
C00337,68.0,M,Married,North,Gold,1280000.0,150000,2023-10-31
C00338,36.0,Female,Single,North,Silver,388000.0,50000,2023-11-21
C00339,30.0,Female,Married,West,Silver,490000.0,50000,2019-10-26
C00340,67.0,M,Married,South,Gold,1213000.0,150000,2019-10-21
C00341,52.0,male ,Married,East,Platinum,1629000.0,300000,2021-03-16
C00342,35.0,Female,Single,East,Platinum,2193000.0,300000,2021-10-04
C00343,51.0,M,Married,West,Platinum,2341000.0,300000,2024-03-31
C00344,46.0,male ,Married,East,Gold,948000.0,150000,2020-09-27
C00345,65.0,Female,Married,East,Silver,641000.0,50000,2023-07-22
C00346,33.0,Female,Single,West,Gold,1057000.0,150000,2023-11-10
C00347,69.0,male ,Single,West,Signature,4556000.0,600000,2024-04-14
C00348,66.0,M,Single,North,Gold,799000.0,150000,2020-01-14
C00349,29.0,M,Single,East,Gold,716000.0,150000,2020-04-28
C00350,29.0,M,Married,North,Gold,736000.0,150000,2020-03-15
C00351,47.0,Female,Married,West,Platinum,2665000.0,300000,2023-01-10
C00352,23.0,Female,Married,North,Platinum,2636000.0,300000,2022-10-05
C00353,35.0,M,Married,North,Platinum,2531000.0,300000,2021-03-25
C00354,42.0,M,Married,North,Gold,840000.0,150000,2019-06-27
C00355,68.0,Female,Married,East,Silver,534000.0,50000,2021-11-07
C00356,69.0,M,Married,North,Gold,1257000.0,150000,2023-01-04
C00357,28.0,Female,Single,North,Silver,586000.0,50000,2021-08-06
C00358,64.0,M,Married,East,Signature,3123000.0,600000,2020-06-20
C00359,25.0,Female,Single,West,Gold,1327000.0,150000,2022-03-30
C00360,,M,Single,East,Gold,812000.0,150000,2022-08-14
C00361,62.0,Female,Married,South,Silver,410000.0,50000,2022-03-28
C00362,64.0,M,Married,East,Gold,1331000.0,150000,2023-10-13
C00363,31.0,Female,Single,East,Gold,1039000.0,150000,2020-09-19
C00364,64.0,M,Single,South,Silver,481000.0,50000,2022-05-04
C00365,26.0,M,Married,East,Platinum,2175000.0,300000,2023-09-07
C00366,46.0,Female,Married,North,Silver,693000.0,50000,2020-03-01
C00367,44.0,M,Single,North,Gold,784000.0,150000,2020-07-17
C00368,36.0,M,Single,East,Silver,615000.0,50000,2019-04-09
C00369,22.0,M,Married,South,Gold,934000.0,150000,2021-01-19
C00370,,M,Married,North,Gold,782000.0,150000,2019-03-31
C00371,37.0,M,Single,North,Platinum,1991000.0,300000,2023-02-01
C00372,53.0,Female,Married,West,Silver,542000.0,50000,2019-06-27
C00373,41.0,M,Single,South,Signature,3377000.0,600000,2022-10-16
C00374,39.0,Female,Married,North,Gold,984000.0,150000,2022-03-05
C00375,64.0,Female,Married,East,Silver,572000.0,50000,2024-05-29
C00376,25.0,M,Married,East,Silver,552000.0,50000,2020-11-27
C00377,57.0,Female,Married,South,Silver,,50000,2020-11-20
C00378,57.0,Female,Divorced,West,Platinum,2571000.0,300000,2020-05-01
C00379,39.0,Female,Married,South,Silver,493000.0,50000,2021-12-10
C00380,33.0,M,Divorced,East,Gold,996000.0,150000,2020-03-14
C00381,21.0,M,Married,East,Gold,1048000.0,150000,2019-08-15
C00382,66.0,M,Single,East,Platinum,2193000.0,300000,2024-03-12
C00383,67.0,Female,Divorced,North,Gold,776000.0,150000,2022-09-20
C00384,32.0,Female,Single,East,Platinum,1838000.0,300000,2019-08-26
C00385,22.0,Female,Married,East,Silver,410000.0,50000,2022-05-21
C00386,27.0,M,Single,North,Platinum,1940000.0,300000,2020-09-01
C00387,24.0,Female,Married,North,Silver,691000.0,50000,2019-12-27
C00388,61.0,M,Divorced,East,Silver,554000.0,50000,2021-07-31
C00389,64.0,Female,Married,North,Signature,4002000.0,600000,2023-04-25
C00390,,M,Married,West,Silver,548000.0,50000,2019-01-01
C00391,57.0,Female,Married,North,Silver,584000.0,50000,2020-12-11
C00392,29.0,Female,Single,West,Gold,1004000.0,150000,2024-01-16
C00393,38.0,M,Divorced,East,Silver,507000.0,50000,2021-02-27
C00394,50.0,male ,Married,South,Silver,595000.0,50000,2019-07-18
C00395,56.0,Female,Single,South,Gold,743000.0,150000,2021-05-07
C00396,63.0,M,Divorced,South,Platinum,2156000.0,300000,2022-09-26
C00397,23.0,Female,Married,East,Platinum,2166000.0,300000,2024-06-15
C00398,30.0,Female,Married,West,Silver,615000.0,50000,2022-06-11
C00399,34.0,Female,Single,North,Gold,1388000.0,150000,2019-04-12
C00400,36.0,M,Single,East,Platinum,2514000.0,300000,2023-06-07
C00401,69.0,M,Married,West,Silver,526000.0,50000,2023-04-10
C00402,59.0,M,Single,South,Silver,409000.0,50000,2022-07-26
C00403,36.0,Female,Married,East,Silver,556000.0,50000,2023-11-29
C00404,68.0,M,Divorced,North,Gold,1284000.0,150000,2023-03-19
C00405,45.0,M,Single,West,Silver,676000.0,50000,2020-04-09
C00406,45.0,M,Single,North,Gold,1278000.0,150000,2021-04-22
C00407,42.0,Female,Married,South,Signature,3329000.0,600000,2021-10-11
C00408,28.0,M,Married,South,Silver,599000.0,50000,2021-09-04
C00409,66.0,Female,Married,South,Gold,1316000.0,150000,2022-07-01
C00410,21.0,Female,Married,North,Silver,588000.0,50000,2022-11-04
C00411,29.0,Female,Single,East,Silver,590000.0,50000,2019-07-27
C00412,32.0,Female,Married,North,Platinum,2100000.0,300000,2022-02-10
C00413,34.0,Female,Married,West,Gold,1146000.0,150000,2019-03-19
C00414,27.0,Female,Married,North,Signature,3624000.0,600000,2021-10-20
C00415,21.0,M,Married,South,Gold,762000.0,150000,2021-04-24
C00416,54.0,Female,Married,West,Silver,640000.0,50000,2020-02-16
C00417,68.0,Female,Single,North,Gold,1360000.0,150000,2024-06-04
C00418,26.0,Female,Single,North,Silver,650000.0,50000,2020-05-31
C00419,35.0,Female,Married,East,Platinum,1867000.0,300000,2019-04-23
C00420,45.0,Female,Single,North,Gold,765000.0,150000,2020-12-17
C00421,66.0,Female,Single,West,Silver,448000.0,50000,2023-02-23
C00422,55.0,M,Married,South,Gold,1290000.0,150000,2019-01-19
C00423,58.0,male ,Single,West,Gold,1159000.0,150000,2021-09-12
C00424,49.0,M,Married,North,Platinum,2753000.0,300000,2021-04-14
C00425,41.0,M,Married,North,Silver,470000.0,50000,2023-09-28
C00426,30.0,M,Married,West,Silver,543000.0,50000,2019-01-06
C00427,63.0,M,Married,West,Silver,627000.0,50000,2019-02-04
C00428,60.0,M,Single,West,Silver,432000.0,50000,2022-02-04
C00429,22.0,Female,Divorced,South,Gold,1375000.0,150000,2019-12-25
C00430,,M,Single,South,Silver,557000.0,50000,2022-11-09
C00431,25.0,Female,Single,East,Gold,706000.0,150000,2020-07-10
C00432,57.0,Female,Single,South,Gold,718000.0,150000,2022-01-29
C00433,61.0,M,Divorced,North,Silver,659000.0,50000,2019-03-17
C00434,27.0,M,Married,South,Platinum,2303000.0,300000,2022-10-19
C00435,42.0,M,Married,East,Gold,1234000.0,150000,2021-11-02
C00436,27.0,Female,Single,North,Silver,624000.0,50000,2019-01-01
C00437,48.0,M,Married,South,Gold,994000.0,150000,2020-06-15
C00438,66.0,M,Married,South,Silver,630000.0,50000,2019-04-29
C00439,24.0,Female,Married,North,Platinum,2713000.0,300000,2019-03-31
C00440,40.0,Female,Single,North,Gold,821000.0,150000,2022-10-28
C00441,68.0,M,Married,South,Gold,1235000.0,150000,2021-05-05
C00442,35.0,M,Married,North,Platinum,1831000.0,300000,2023-05-25
C00443,27.0,M,Married,South,Platinum,1850000.0,300000,2020-05-30
C00444,44.0,M,Married,East,Platinum,1978000.0,300000,2022-12-06
C00445,45.0,M,Single,West,Silver,652000.0,50000,2022-05-15
C00446,53.0,Female,Married,North,Silver,358000.0,50000,2022-08-19
C00447,36.0,Female,Single,South,Gold,1004000.0,150000,2023-07-15
C00448,,Female,Single,North,Gold,1176000.0,150000,2022-11-15
C00449,,Female,Married,South,Gold,777000.0,150000,2023-01-31
C00450,35.0,M,Single,South,Platinum,2509000.0,300000,2023-01-19
C00451,68.0,Female,Single,West,Silver,680000.0,50000,2021-06-13
C00452,66.0,Female,Single,South,Silver,382000.0,50000,2022-12-19
C00453,45.0,Female,Married,West,Gold,807000.0,150000,2023-08-12
C00454,22.0,Female,Married,North,Silver,691000.0,50000,2023-01-16
C00455,50.0,M,Divorced,North,Gold,838000.0,150000,2022-04-30
C00456,48.0,M,Single,North,Platinum,1511000.0,300000,2019-05-29
C00457,28.0,M,Divorced,South,Gold,1367000.0,150000,2021-05-23
C00458,52.0,M,Divorced,North,Gold,1325000.0,150000,2019-05-07
C00459,62.0,Female,Married,North,Gold,1159000.0,150000,2019-07-27
C00460,26.0,male ,Single,North,Gold,1086000.0,150000,2020-12-23
C00461,56.0,Female,Married,West,Silver,672000.0,50000,2021-07-17
C00462,27.0,Female,Single,West,Platinum,2318000.0,300000,2021-11-21
C00463,57.0,M,Married,North,Gold,1161000.0,150000,2023-12-06
C00464,41.0,M,Married,West,Silver,645000.0,50000,2023-03-06
C00465,21.0,Female,Single,North,Gold,1157000.0,150000,2021-04-25
C00466,68.0,Female,Single,South,Platinum,2105000.0,300000,2020-10-31
C00467,29.0,male ,Single,South,Silver,486000.0,50000,2022-11-26
C00468,50.0,M,Married,South,Platinum,2104000.0,300000,2020-07-04
C00469,29.0,Female,Married,West,Signature,4263000.0,600000,2023-11-03
C00470,66.0,M,Divorced,East,Platinum,1905000.0,300000,2023-04-12
C00471,57.0,Female,Married,East,Gold,1014000.0,150000,2022-09-27
C00472,60.0,M,Married,East,Gold,1261000.0,150000,2020-05-13
C00473,42.0,M,Single,East,Signature,3966000.0,600000,2022-05-28
C00474,43.0,M,Married,North,Gold,718000.0,150000,2023-06-30
C00475,52.0,M,Single,South,Silver,449000.0,50000,2019-05-24
C00476,59.0,M,Married,North,Silver,431000.0,50000,2019-12-21
C00477,62.0,M,Single,East,Platinum,2511000.0,300000,2021-10-27
C00478,21.0,Female,Divorced,South,Gold,1015000.0,150000,2020-12-19
C00479,53.0,M,Divorced,East,Silver,448000.0,50000,2022-11-20
C00480,26.0,M,Single,East,Silver,634000.0,50000,2021-03-13
C00481,35.0,M,Married,South,Platinum,1427000.0,300000,2024-06-16
C00482,61.0,M,Single,North,Gold,822000.0,150000,2020-08-22
C00483,,male ,Single,West,Platinum,2558000.0,300000,2020-12-21
C00484,60.0,M,Single,South,Platinum,2171000.0,300000,2019-01-07
C00485,43.0,Female,Single,North,Signature,4966000.0,600000,2020-05-09
C00486,32.0,M,Single,South,Platinum,2573000.0,300000,2020-04-16
C00487,37.0,Female,Single,West,Silver,680000.0,50000,2023-03-06
C00488,47.0,M,Single,South,Gold,744000.0,150000,2020-11-06
C00489,,Female,Married,West,Silver,630000.0,50000,2020-02-11
C00490,50.0,M,Married,South,Signature,4785000.0,600000,2020-09-19
C00491,66.0,M,Single,West,Silver,422000.0,50000,2022-01-30
C00492,63.0,Female,Married,East,Gold,1352000.0,150000,2023-04-21
C00493,57.0,Female,Single,North,Platinum,1966000.0,300000,2024-05-11
C00494,50.0,Female,Single,East,Silver,661000.0,50000,2019-04-05
C00495,35.0,M,Married,South,Platinum,2247000.0,300000,2023-08-09
C00496,41.0,Female,Single,North,Silver,534000.0,50000,2021-02-16
C00497,26.0,Female,Single,East,Gold,812000.0,150000,2023-06-05
C00498,39.0,Female,Single,North,Gold,1340000.0,150000,2019-03-17
C00499,66.0,M,Married,East,Silver,545000.0,50000,2022-06-06
C00500,41.0,Female,Single,West,Gold,704000.0,150000,2024-02-05
C00501,26.0,Female,Married,North,Platinum,1426000.0,300000,2019-03-20
C00502,52.0,Female,Single,South,Silver,622000.0,50000,2023-04-30
C00503,68.0,M,Married,East,Gold,813000.0,150000,2019-08-17
C00504,63.0,M,Single,North,Platinum,2238000.0,300000,2024-05-18
C00505,34.0,Female,Single,South,Platinum,2354000.0,300000,2023-01-28
C00506,43.0,M,Single,South,Silver,448000.0,50000,2023-12-26
C00507,47.0,Female,Married,North,Signature,4394000.0,600000,2023-12-01
C00508,33.0,M,Single,West,Silver,434000.0,50000,2020-09-23
C00509,34.0,M,Single,South,Gold,1362000.0,150000,2021-04-11
C00510,32.0,Female,Married,West,Gold,1302000.0,150000,2022-10-15
C00511,69.0,M,Divorced,East,Platinum,1803000.0,300000,2019-12-16
C00512,57.0,M,Single,West,Silver,535000.0,50000,2020-09-05
C00513,62.0,Female,Divorced,West,Silver,525000.0,50000,2019-07-18
C00514,61.0,Female,Divorced,East,Platinum,2744000.0,300000,2023-11-12
C00515,67.0,Female,Divorced,South,Silver,488000.0,50000,2020-05-10
C00516,26.0,male ,Single,South,Gold,1094000.0,150000,2021-04-01
C00517,64.0,M,Single,West,Platinum,2700000.0,300000,2021-06-24
C00518,24.0,Female,Married,South,Gold,814000.0,150000,2021-01-21
C00519,44.0,M,Married,East,Silver,543000.0,50000,2023-04-05
C00520,50.0,M,Single,North,Silver,387000.0,50000,2024-01-03
C00521,38.0,M,Married,West,Signature,,600000,2022-02-19
C00522,28.0,Female,Single,East,Gold,956000.0,150000,2023-08-01
C00523,30.0,Female,Married,South,Silver,689000.0,50000,2019-08-10
C00524,61.0,Female,Married,East,Silver,495000.0,50000,2024-04-16
C00525,36.0,Female,Married,South,Silver,398000.0,50000,2019-08-20
C00526,36.0,M,Married,North,Signature,5135000.0,600000,2019-05-13
C00527,66.0,M,Married,West,Silver,637000.0,50000,2019-02-14
C00528,28.0,M,Married,West,Silver,593000.0,50000,2020-05-01
C00529,65.0,M,Single,West,Gold,1224000.0,150000,2023-08-02
C00530,66.0,M,Married,South,Silver,443000.0,50000,2020-08-24
C00531,50.0,M,Married,South,Silver,575000.0,50000,2023-05-01
C00532,29.0,M,Married,North,Signature,2906000.0,600000,2021-04-28
C00533,28.0,Female,Married,East,Gold,838000.0,150000,2019-07-27
C00534,34.0,Female,Married,South,Silver,676000.0,50000,2021-08-04
C00535,49.0,male ,Single,West,Gold,1217000.0,150000,2020-04-09
C00536,28.0,M,Single,West,Silver,431000.0,50000,2020-08-05
C00537,43.0,Female,Married,North,Silver,389000.0,50000,2021-10-31
C00538,26.0,Female,Single,West,Gold,1364000.0,150000,2023-04-30
C00539,47.0,Female,Married,North,Gold,779000.0,150000,2022-03-19
C00540,22.0,M,Married,South,Platinum,1760000.0,300000,2020-03-22
C00541,55.0,Female,Single,South,Platinum,1656000.0,300000,2022-12-05
C00542,23.0,M,Married,West,Silver,353000.0,50000,2022-10-25
C00543,30.0,M,Single,East,Platinum,1840000.0,300000,2020-04-19
C00544,29.0,M,Married,West,Gold,1382000.0,150000,2023-08-31
C00545,61.0,M,Married,East,Silver,470000.0,50000,2023-08-14
C00546,23.0,M,Married,West,Platinum,2106000.0,300000,2022-04-22
C00547,42.0,M,Married,West,Silver,611000.0,50000,2020-08-15
C00548,49.0,Female,Divorced,West,Gold,1086000.0,150000,2020-12-09
C00549,46.0,M,Married,South,Gold,1221000.0,150000,2021-05-28
C00550,54.0,M,Single,South,Silver,582000.0,50000,2020-01-11
C00551,60.0,male ,Single,West,Platinum,2252000.0,300000,2020-09-03
C00552,40.0,M,Single,West,Silver,577000.0,50000,2019-09-26
C00553,61.0,M,Married,West,Platinum,2519000.0,300000,2019-11-06
C00554,36.0,M,Married,East,Silver,599000.0,50000,2023-01-28
C00555,69.0,M,Married,West,Silver,627000.0,50000,2019-09-14
C00556,45.0,Female,Single,East,Silver,401000.0,50000,2021-07-27
C00557,57.0,Female,Married,East,Platinum,2349000.0,300000,2021-05-08
C00558,63.0,M,Divorced,North,Silver,608000.0,50000,2019-04-03
C00559,59.0,Female,Single,East,Platinum,1820000.0,300000,2023-07-21
C00560,62.0,Female,Married,East,Silver,656000.0,50000,2024-05-21
C00561,47.0,Female,Single,West,Gold,913000.0,150000,2022-06-30
C00562,23.0,Female,Married,West,Silver,435000.0,50000,2022-09-04
C00563,45.0,Female,Divorced,South,Silver,653000.0,50000,2020-04-10
C00564,29.0,Female,Married,South,Signature,3492000.0,600000,2023-08-16
C00565,64.0,Female,Divorced,West,Gold,991000.0,150000,2023-04-18
C00566,32.0,M,Single,West,Gold,958000.0,150000,2021-05-26
C00567,,M,Single,North,Gold,,150000,2022-11-12
C00568,33.0,M,Married,South,Gold,1019000.0,150000,2024-03-25
C00569,52.0,M,Single,West,Gold,1186000.0,150000,2022-04-20
C00570,48.0,M,Married,North,Platinum,2512000.0,300000,2020-02-04
C00571,67.0,M,Single,West,Gold,1140000.0,150000,2020-10-22
C00572,41.0,Female,Married,North,Gold,1361000.0,150000,2020-01-06
C00573,34.0,Female,Married,North,Gold,1262000.0,150000,2020-10-25
C00574,23.0,Female,Married,West,Gold,980000.0,150000,2023-11-16
C00575,21.0,M,Married,East,Gold,1366000.0,150000,2020-01-15
C00576,39.0,M,Married,East,Gold,1067000.0,150000,2023-11-19
C00577,66.0,Female,Single,West,Gold,716000.0,150000,2020-07-24
C00578,46.0,Female,Married,South,Platinum,1764000.0,300000,2021-09-25
C00579,64.0,Female,Single,East,Signature,4541000.0,600000,2021-11-22
C00580,25.0,Female,Married,East,Signature,3239000.0,600000,2019-09-09
C00581,25.0,Female,Single,East,Platinum,2218000.0,300000,2020-01-04
C00582,61.0,M,Single,South,Gold,953000.0,150000,2020-09-02
C00583,26.0,M,Married,East,Platinum,2148000.0,300000,2019-04-30
C00584,23.0,M,Single,South,Silver,351000.0,50000,2023-02-17
C00585,40.0,Female,Divorced,East,Gold,1294000.0,150000,2021-12-28
C00586,66.0,Female,Single,West,Silver,477000.0,50000,2023-08-19
C00587,54.0,male ,Married,South,Silver,399000.0,50000,2023-09-23
C00588,25.0,Female,Married,East,Signature,4026000.0,600000,2020-11-26
C00589,62.0,M,Single,West,Platinum,2081000.0,300000,2023-06-23
C00590,62.0,M,Married,West,Gold,1146000.0,150000,2019-05-03
C00591,60.0,M,Single,West,Silver,534000.0,50000,2021-05-09
C00592,65.0,M,Married,East,Gold,730000.0,150000,2022-08-24
C00593,32.0,Female,Single,South,Gold,1310000.0,150000,2021-07-21
C00594,68.0,M,Married,West,Platinum,2039000.0,300000,2023-01-18
C00595,36.0,Female,Married,East,Signature,3016000.0,600000,2023-09-14
C00596,60.0,Female,Divorced,North,Silver,620000.0,50000,2021-04-28
C00597,49.0,M,Single,South,Silver,581000.0,50000,2020-07-02
C00598,59.0,M,Single,South,Silver,577000.0,50000,2022-03-12
C00599,51.0,Female,Divorced,West,Silver,499000.0,50000,2023-10-03
C00600,52.0,M,Married,North,Silver,494000.0,50000,2024-05-28
C00601,51.0,Female,Married,East,Silver,538000.0,50000,2023-06-20
C00602,59.0,M,Married,East,Silver,368000.0,50000,2020-05-04
C00603,57.0,Female,Married,North,Silver,455000.0,50000,2020-02-15
C00604,27.0,Female,Married,East,Silver,696000.0,50000,2022-02-19
C00605,61.0,M,Divorced,West,Platinum,2327000.0,300000,2021-03-15
C00606,47.0,M,Married,East,Silver,497000.0,50000,2022-05-06
C00607,36.0,Female,Married,East,Platinum,1711000.0,300000,2024-01-21
C00608,46.0,M,Married,South,Silver,611000.0,50000,2022-01-03
C00609,68.0,M,Married,North,Silver,441000.0,50000,2020-12-12
C00610,63.0,M,Married,North,Silver,407000.0,50000,2023-10-05
C00611,61.0,M,Single,South,Gold,808000.0,150000,2021-05-28
C00612,43.0,Female,Married,East,Silver,605000.0,50000,2022-04-25
C00613,59.0,Female,Single,North,Gold,1150000.0,150000,2019-09-28
C00614,39.0,M,Single,West,Silver,374000.0,50000,2021-10-12
C00615,54.0,Female,Single,East,Signature,3122000.0,600000,2021-05-02
C00616,52.0,M,Single,South,Silver,572000.0,50000,2019-09-04
C00617,33.0,M,Married,West,Gold,1100000.0,150000,2020-02-28
C00618,34.0,Female,Married,North,Platinum,2360000.0,300000,2022-11-07
C00619,23.0,Female,Married,West,Silver,412000.0,50000,2019-12-28
C00620,27.0,male ,Divorced,South,Silver,604000.0,50000,2019-09-22
C00621,42.0,M,Single,South,Platinum,2711000.0,300000,2019-04-26
C00622,44.0,M,Married,South,Silver,,50000,2019-02-23
C00623,29.0,Female,Married,West,Silver,419000.0,50000,2021-05-18
C00624,41.0,M,Single,South,Gold,1176000.0,150000,2021-09-04
C00625,50.0,M,Single,West,Silver,470000.0,50000,2022-06-02
C00626,32.0,Female,Single,South,Platinum,1469000.0,300000,2022-02-18
C00627,37.0,M,Single,South,Gold,912000.0,150000,2021-12-09
C00628,39.0,M,Single,East,Gold,1334000.0,150000,2024-06-21
C00629,45.0,M,Single,East,Silver,494000.0,50000,2020-05-14
C00630,,M,Married,South,Gold,1305000.0,150000,2022-11-25
C00631,57.0,M,Married,North,Gold,1056000.0,150000,2019-06-09
C00632,37.0,Female,Divorced,South,Silver,531000.0,50000,2023-08-25
C00633,42.0,male ,Single,East,Platinum,1407000.0,300000,2020-12-26
C00634,39.0,Female,Married,North,Gold,1146000.0,150000,2020-11-23
C00635,29.0,Female,Single,North,Platinum,1551000.0,300000,2019-09-28
C00636,54.0,M,Married,West,Silver,518000.0,50000,2021-10-14
C00637,32.0,M,Single,North,Silver,,50000,2021-03-10
C00638,35.0,Female,Married,South,Gold,975000.0,150000,2024-05-02
C00639,59.0,M,Single,West,Platinum,2152000.0,300000,2019-12-23
C00640,67.0,Female,Married,South,Silver,355000.0,50000,2021-04-14
C00641,53.0,Female,Married,South,Silver,,50000,2023-12-06
C00642,65.0,M,Married,North,Platinum,2785000.0,300000,2023-06-03
C00643,62.0,M,Single,West,Silver,370000.0,50000,2023-03-10
C00644,44.0,M,Married,East,Silver,462000.0,50000,2021-11-17
C00645,58.0,M,Married,West,Gold,925000.0,150000,2023-10-13
C00646,37.0,male ,Single,West,Silver,483000.0,50000,2020-03-23
C00647,43.0,M,Married,South,Silver,590000.0,50000,2023-06-08
C00648,47.0,Female,Married,North,Silver,437000.0,50000,2022-03-06
C00649,68.0,Female,Married,South,Platinum,2044000.0,300000,2020-11-30
C00650,62.0,Female,Single,North,Silver,576000.0,50000,2020-03-12
C00651,44.0,M,Married,East,Gold,926000.0,150000,2021-11-09
C00652,52.0,M,Married,North,Signature,5457000.0,600000,2019-01-07
C00653,30.0,M,Married,West,Gold,1386000.0,150000,2022-11-30
C00654,60.0,M,Married,East,Gold,784000.0,150000,2020-04-16
C00655,48.0,Female,Married,South,Gold,941000.0,150000,2021-02-17
C00656,47.0,M,Married,West,Silver,423000.0,50000,2020-01-22
C00657,58.0,M,Married,West,Gold,831000.0,150000,2021-07-19
C00658,52.0,Female,Married,South,Signature,4175000.0,600000,2021-01-11
C00659,24.0,M,Single,North,Platinum,2189000.0,300000,2020-01-11
C00660,35.0,M,Married,South,Gold,998000.0,150000,2023-11-13
C00661,29.0,M,Married,East,Silver,445000.0,50000,2023-02-27
C00662,57.0,Female,Divorced,West,Platinum,1790000.0,300000,2021-02-14
C00663,22.0,Female,Single,South,Silver,697000.0,50000,2019-04-26
C00664,30.0,M,Single,East,Platinum,2693000.0,300000,2023-08-18
C00665,50.0,Female,Married,South,Silver,377000.0,50000,2022-10-25
C00666,55.0,Female,Married,North,Gold,1160000.0,150000,2022-01-16
C00667,45.0,Female,Married,South,Platinum,2040000.0,300000,2022-04-24
C00668,63.0,M,Married,North,Gold,1182000.0,150000,2019-01-16
C00669,66.0,M,Married,South,Silver,559000.0,50000,2021-08-05
C00670,27.0,Female,Single,South,Platinum,2645000.0,300000,2020-01-13
C00671,67.0,male ,Married,South,Silver,373000.0,50000,2022-07-26
C00672,51.0,Female,Single,West,Silver,472000.0,50000,2024-02-06
C00673,52.0,Female,Married,South,Gold,1390000.0,150000,2021-11-27
C00674,25.0,M,Married,East,Gold,828000.0,150000,2022-04-23
C00675,51.0,Female,Single,East,Gold,789000.0,150000,2022-08-27
C00676,56.0,Female,Single,East,Silver,605000.0,50000,2024-02-03
C00677,49.0,Female,Married,South,Gold,1244000.0,150000,2019-03-18
C00678,25.0,M,Single,West,Platinum,2341000.0,300000,2020-09-12
C00679,46.0,Female,Married,North,Silver,622000.0,50000,2020-06-20
C00680,66.0,male ,Married,South,Gold,1186000.0,150000,2022-12-04
C00681,56.0,Female,Single,West,Gold,795000.0,150000,2021-06-14
C00682,27.0,Female,Married,South,Platinum,2252000.0,300000,2023-03-25
C00683,68.0,Female,Married,East,Gold,1244000.0,150000,2021-08-02
C00684,67.0,M,Married,North,Platinum,2612000.0,300000,2024-05-05
C00685,29.0,M,Married,East,Silver,436000.0,50000,2023-03-14
C00686,60.0,M,Married,West,Silver,395000.0,50000,2019-02-06
C00687,40.0,M,Married,East,Signature,4987000.0,600000,2024-05-30
C00688,50.0,M,Divorced,East,Platinum,1759000.0,300000,2024-03-19
C00689,42.0,Female,Single,West,Gold,722000.0,150000,2019-03-28
C00690,59.0,M,Married,South,Gold,1278000.0,150000,2021-02-22
C00691,69.0,Female,Married,South,Gold,1054000.0,150000,2024-04-25
C00692,59.0,Female,Single,North,Silver,464000.0,50000,2023-08-03
C00693,66.0,M,Married,East,Platinum,1416000.0,300000,2021-07-25
C00694,67.0,Female,Married,East,Platinum,1449000.0,300000,2021-12-25
C00695,25.0,Female,Single,West,Gold,1255000.0,150000,2019-03-01
C00696,33.0,Female,Married,East,Silver,521000.0,50000,2022-02-03
C00697,56.0,M,Married,North,Silver,402000.0,50000,2022-08-25
C00698,49.0,Female,Married,East,Silver,475000.0,50000,2020-12-19
C00699,23.0,Female,Married,West,Gold,816000.0,150000,2020-09-05
C00700,25.0,Female,Married,North,Gold,779000.0,150000,2023-07-15
C00701,46.0,Female,Single,South,Silver,447000.0,50000,2021-06-16
C00702,51.0,Female,Married,West,Gold,1085000.0,150000,2020-06-12
C00703,29.0,M,Single,South,Signature,3388000.0,600000,2021-01-19
C00704,29.0,Female,Single,West,Silver,470000.0,50000,2021-09-11
C00705,27.0,M,Married,East,Gold,1035000.0,150000,2020-06-02
C00706,48.0,Female,Married,East,Gold,994000.0,150000,2022-01-25
C00707,21.0,M,Married,East,Silver,395000.0,50000,2023-09-19
C00708,49.0,M,Single,East,Gold,727000.0,150000,2023-01-25
C00709,44.0,Female,Married,West,Gold,725000.0,150000,2020-04-07
C00710,43.0,M,Single,West,Silver,473000.0,50000,2021-08-01
C00711,54.0,Female,Single,South,Silver,602000.0,50000,2021-12-23
C00712,46.0,M,Single,West,Platinum,1584000.0,300000,2022-09-22
C00713,56.0,Female,Divorced,East,Silver,625000.0,50000,2023-02-21
C00714,58.0,Female,Single,East,Gold,1201000.0,150000,2021-08-28
C00715,66.0,M,Single,South,Gold,703000.0,150000,2020-09-22
C00716,60.0,Female,Single,South,Platinum,1437000.0,300000,2022-08-11
C00717,46.0,M,Single,East,Platinum,1673000.0,300000,2019-09-09
C00718,45.0,Female,Single,South,Platinum,1479000.0,300000,2022-09-10
C00719,32.0,Female,Divorced,South,Gold,1072000.0,150000,2023-11-28
C00720,50.0,Female,Married,West,Gold,728000.0,150000,2022-11-19
C00721,27.0,M,Single,South,Silver,631000.0,50000,2021-05-17
C00722,66.0,M,Married,East,Silver,523000.0,50000,2023-07-05
C00723,62.0,Female,Single,North,Gold,1210000.0,150000,2021-11-30
C00724,26.0,Female,Married,North,Silver,613000.0,50000,2021-12-17
C00725,59.0,M,Single,West,Gold,1055000.0,150000,2023-09-01
C00726,26.0,M,Single,North,Silver,674000.0,50000,2020-01-22
C00727,56.0,M,Divorced,West,Silver,697000.0,50000,2023-04-09
C00728,25.0,Female,Married,West,Silver,476000.0,50000,2022-09-21
C00729,44.0,M,Single,South,Platinum,1576000.0,300000,2021-11-24
C00730,53.0,M,Single,West,Gold,954000.0,150000,2019-06-04
C00731,56.0,Female,Divorced,South,Platinum,1713000.0,300000,2023-03-12
C00732,41.0,M,Divorced,West,Gold,1072000.0,150000,2020-03-13
C00733,66.0,Female,Single,North,Platinum,1930000.0,300000,2023-11-26
C00734,58.0,M,Single,South,Platinum,2073000.0,300000,2023-05-04
C00735,31.0,Female,Married,South,Silver,617000.0,50000,2020-12-28
C00736,53.0,Female,Divorced,West,Signature,,600000,2021-05-20
C00737,56.0,Female,Married,North,Silver,538000.0,50000,2019-02-21
C00738,37.0,M,Single,West,Gold,935000.0,150000,2021-09-23
C00739,57.0,Female,Single,North,Platinum,2499000.0,300000,2019-04-26
C00740,65.0,male ,Married,South,Silver,574000.0,50000,2024-05-28
C00741,61.0,M,Married,East,Gold,706000.0,150000,2022-07-04
C00742,58.0,M,Married,North,Silver,581000.0,50000,2020-04-15
C00743,52.0,M,Single,South,Silver,410000.0,50000,2023-05-27
C00744,34.0,Female,Married,West,Silver,604000.0,50000,2019-02-09
C00745,59.0,Female,Married,West,Silver,549000.0,50000,2022-01-03
C00746,38.0,Female,Single,North,Silver,491000.0,50000,2019-08-11
C00747,47.0,Female,Married,East,Gold,1186000.0,150000,2019-04-19
C00748,36.0,Female,Single,East,Gold,1300000.0,150000,2020-05-04
C00749,36.0,M,Married,North,Gold,1245000.0,150000,2020-08-11
C00750,28.0,M,Married,East,Gold,1082000.0,150000,2022-12-22
C00751,68.0,Female,Married,East,Silver,603000.0,50000,2023-11-17
C00752,28.0,M,Married,East,Silver,495000.0,50000,2023-04-01
C00753,25.0,Female,Married,South,Platinum,2505000.0,300000,2023-01-19
C00754,66.0,Female,Single,South,Platinum,2561000.0,300000,2022-02-04
C00755,48.0,M,Married,East,Gold,796000.0,150000,2021-01-12
C00756,42.0,Female,Married,East,Silver,433000.0,50000,2020-05-25
C00757,57.0,M,Married,North,Platinum,1778000.0,300000,2024-03-06
C00758,39.0,Female,Married,North,Platinum,1633000.0,300000,2021-11-09
C00759,27.0,male ,Divorced,East,Gold,975000.0,150000,2022-02-02
C00760,56.0,Female,Married,West,Silver,418000.0,50000,2019-01-30
C00761,29.0,M,Divorced,North,Silver,558000.0,50000,2021-07-04
C00762,48.0,M,Married,North,Gold,771000.0,150000,2022-09-25
C00763,67.0,M,Married,West,Platinum,1778000.0,300000,2021-09-17
C00764,66.0,M,Married,East,Gold,1166000.0,150000,2022-05-13
C00765,38.0,M,Married,West,Silver,489000.0,50000,2023-06-08
C00766,59.0,M,Single,West,Gold,995000.0,150000,2019-02-13
C00767,51.0,Female,Married,West,Platinum,2517000.0,300000,2023-12-14
C00768,44.0,M,Married,North,Gold,1389000.0,150000,2023-06-23
C00769,27.0,M,Single,South,Platinum,2191000.0,300000,2021-04-19
C00770,39.0,Female,Single,North,Silver,378000.0,50000,2023-03-07
C00771,52.0,Female,Divorced,North,Silver,386000.0,50000,2019-05-14
C00772,69.0,Female,Divorced,West,Gold,1378000.0,150000,2020-09-08
C00773,21.0,Female,Single,East,Gold,1175000.0,150000,2019-08-04
C00774,56.0,Female,Single,North,Signature,4907000.0,600000,2022-06-24
C00775,62.0,Female,Single,North,Gold,1173000.0,150000,2023-09-09
C00776,67.0,Female,Married,North,Silver,413000.0,50000,2022-04-17
C00777,41.0,Female,Single,South,Silver,507000.0,50000,2022-11-24
C00778,26.0,M,Married,South,Gold,1259000.0,150000,2019-10-14
C00779,34.0,M,Single,South,Silver,653000.0,50000,2024-02-12
C00780,62.0,M,Divorced,West,Gold,866000.0,150000,2020-01-22
C00781,64.0,M,Married,North,Silver,559000.0,50000,2021-11-18
C00782,52.0,Female,Single,East,Silver,405000.0,50000,2022-09-28
C00783,27.0,M,Divorced,South,Gold,1371000.0,150000,2023-09-10
C00784,26.0,M,Married,South,Silver,438000.0,50000,2024-02-11
C00785,44.0,M,Married,West,Gold,1209000.0,150000,2022-04-12
C00786,49.0,Female,Divorced,West,Gold,862000.0,150000,2022-02-26
C00787,22.0,M,Divorced,North,Gold,1131000.0,150000,2021-04-14
C00788,54.0,Female,Married,South,Gold,1161000.0,150000,2022-02-09
C00789,47.0,Female,Married,North,Platinum,1860000.0,300000,2022-09-11
C00790,21.0,M,Single,South,Platinum,2546000.0,300000,2022-07-17
C00791,25.0,Female,Married,East,Silver,660000.0,50000,2022-03-30
C00792,43.0,M,Married,South,Silver,649000.0,50000,2021-05-31
C00793,56.0,M,Married,South,Gold,932000.0,150000,2020-01-27
C00794,61.0,Female,Married,South,Gold,1221000.0,150000,2019-04-19
C00795,42.0,Female,Single,South,Gold,1092000.0,150000,2021-04-21
C00796,35.0,M,Single,South,Gold,1115000.0,150000,2021-03-04
C00797,68.0,Female,Single,South,Platinum,2068000.0,300000,2022-05-01
C00798,43.0,M,Single,East,Silver,560000.0,50000,2023-12-06
C00799,36.0,Female,Married,North,Gold,795000.0,150000,2022-11-04
C00800,42.0,Female,Married,North,Silver,493000.0,50000,2023-05-29
C00801,21.0,Female,Married,East,Gold,824000.0,150000,2022-03-02
C00802,,male ,Married,East,Gold,896000.0,150000,2024-01-29
C00803,46.0,M,Married,South,Gold,789000.0,150000,2024-02-23
C00804,66.0,Female,Married,North,Silver,424000.0,50000,2019-11-02
C00805,57.0,Female,Married,East,Platinum,2495000.0,300000,2022-07-02
C00806,59.0,Female,Married,South,Platinum,2170000.0,300000,2021-10-08
C00807,47.0,M,Single,East,Gold,717000.0,150000,2024-04-28
C00808,26.0,M,Single,North,Signature,5008000.0,600000,2022-03-15
C00809,40.0,M,Divorced,North,Gold,1337000.0,150000,2019-02-01
C00810,69.0,M,Single,East,Platinum,2633000.0,300000,2020-02-24
C00811,23.0,M,Single,South,Silver,638000.0,50000,2019-09-17
C00812,64.0,M,Married,East,Silver,697000.0,50000,2020-02-06
C00813,54.0,Female,Single,East,Silver,555000.0,50000,2019-07-11
C00814,34.0,M,Married,South,Silver,687000.0,50000,2023-04-14
C00815,59.0,Female,Married,North,Gold,1364000.0,150000,2021-09-15
C00816,62.0,Female,Married,North,Silver,460000.0,50000,2022-09-05
C00817,23.0,Female,Married,West,Gold,1304000.0,150000,2024-06-22
C00818,26.0,M,Married,North,Silver,627000.0,50000,2022-07-18
C00819,53.0,M,Single,East,Silver,622000.0,50000,2021-08-16
C00820,69.0,Female,Single,West,Signature,5310000.0,600000,2020-06-17
C00821,22.0,Female,Single,West,Gold,969000.0,150000,2023-02-18
C00822,53.0,M,Single,South,Signature,3920000.0,600000,2021-10-10
C00823,27.0,Female,Married,North,Gold,1148000.0,150000,2023-02-22
C00824,52.0,male ,Married,West,Silver,608000.0,50000,2019-02-16
C00825,51.0,Female,Single,East,Gold,1316000.0,150000,2019-11-23
C00826,25.0,M,Married,South,Gold,1313000.0,150000,2019-09-17
C00827,54.0,M,Married,East,Silver,602000.0,50000,2022-09-24
C00828,64.0,M,Married,North,Platinum,2740000.0,300000,2021-11-02
C00829,63.0,Female,Divorced,East,Gold,825000.0,150000,2020-09-25
C00830,22.0,M,Single,East,Platinum,2730000.0,300000,2020-09-11
C00831,33.0,male ,Married,South,Gold,745000.0,150000,2022-04-28
C00832,32.0,Female,Single,South,Gold,1089000.0,150000,2024-04-15
C00833,43.0,M,Married,South,Silver,382000.0,50000,2024-06-13
C00834,28.0,M,Married,North,Signature,4390000.0,600000,2021-07-31
C00835,62.0,M,Married,North,Gold,973000.0,150000,2022-09-03
C00836,59.0,M,Married,West,Silver,379000.0,50000,2019-06-17
C00837,60.0,M,Single,South,Silver,577000.0,50000,2024-03-05
C00838,30.0,M,Married,North,Gold,1212000.0,150000,2019-02-05
C00839,21.0,Female,Single,North,Signature,3288000.0,600000,2020-11-15
C00840,65.0,Female,Married,South,Platinum,2372000.0,300000,2022-12-21
C00841,35.0,M,Single,West,Gold,825000.0,150000,2024-04-23
C00842,53.0,Female,Single,South,Signature,3185000.0,600000,2019-12-10
C00843,65.0,M,Single,West,Gold,803000.0,150000,2022-08-15
C00844,22.0,Female,Single,South,Silver,560000.0,50000,2020-01-11
C00845,21.0,M,Divorced,West,Gold,1245000.0,150000,2019-04-11
C00846,21.0,Female,Married,West,Silver,559000.0,50000,2021-04-27
C00847,28.0,M,Single,North,Silver,633000.0,50000,2022-02-27
C00848,23.0,Female,Single,North,Gold,1114000.0,150000,2020-06-12
C00849,61.0,male ,Married,West,Silver,629000.0,50000,2024-04-30
C00850,50.0,Female,Married,West,Signature,5534000.0,600000,2022-05-18
C00851,69.0,M,Married,North,Signature,3895000.0,600000,2021-05-26
C00852,60.0,Female,Married,East,Silver,402000.0,50000,2021-08-29
C00853,68.0,M,Married,West,Gold,795000.0,150000,2021-07-17
C00854,32.0,Female,Married,West,Gold,1118000.0,150000,2019-08-11
C00855,35.0,Female,Single,South,Silver,541000.0,50000,2022-04-27
C00856,62.0,Female,Married,West,Silver,414000.0,50000,2023-04-19
C00857,32.0,M,Single,East,Silver,659000.0,50000,2021-04-22
C00858,23.0,M,Married,West,Silver,685000.0,50000,2021-05-01
C00859,53.0,M,Single,North,Silver,439000.0,50000,2023-12-26
C00860,60.0,M,Married,East,Silver,422000.0,50000,2022-05-06
C00861,68.0,Female,Married,North,Silver,425000.0,50000,2020-08-18
C00862,66.0,Female,Married,South,Platinum,1942000.0,300000,2019-01-08
C00863,26.0,Female,Single,North,Silver,649000.0,50000,2023-07-05
C00864,58.0,Female,Married,South,Silver,559000.0,50000,2022-06-06
C00865,62.0,Female,Divorced,West,Gold,747000.0,150000,2022-06-06
C00866,55.0,Female,Married,East,Silver,516000.0,50000,2020-07-19
C00867,61.0,Female,Single,South,Gold,763000.0,150000,2020-01-08
C00868,62.0,M,Married,South,Silver,492000.0,50000,2021-09-15
C00869,42.0,Female,Single,South,Gold,982000.0,150000,2023-02-24
C00870,22.0,Female,Married,East,Gold,1154000.0,150000,2020-08-18
C00871,43.0,M,Married,South,Gold,1085000.0,150000,2021-11-20
C00872,30.0,M,Married,North,Gold,1312000.0,150000,2024-06-15
C00873,26.0,Female,Married,East,Gold,711000.0,150000,2020-03-14
C00874,27.0,Female,Married,West,Silver,621000.0,50000,2020-04-06
C00875,55.0,Female,Divorced,South,Silver,358000.0,50000,2020-04-16
C00876,45.0,Female,Married,North,Gold,913000.0,150000,2023-12-31
C00877,47.0,M,Married,North,Silver,658000.0,50000,2021-11-23
C00878,57.0,M,Divorced,West,Silver,592000.0,50000,2024-01-10
C00879,47.0,male ,Married,West,Gold,820000.0,150000,2024-03-10
C00880,51.0,Female,Married,North,Silver,522000.0,50000,2021-04-22
C00881,25.0,M,Single,North,Silver,603000.0,50000,2019-04-20
C00882,62.0,Female,Divorced,North,Gold,1356000.0,150000,2020-08-31
C00883,42.0,M,Single,South,Silver,572000.0,50000,2021-12-23
C00884,28.0,Female,Married,West,Platinum,1435000.0,300000,2021-02-01
C00885,60.0,M,Divorced,North,Signature,4199000.0,600000,2019-01-05
C00886,56.0,M,Married,West,Signature,3228000.0,600000,2024-06-01
C00887,23.0,M,Divorced,North,Gold,733000.0,150000,2020-08-29
C00888,30.0,M,Single,East,Silver,559000.0,50000,2022-05-22
C00889,21.0,Female,Divorced,South,Gold,1244000.0,150000,2024-03-08
C00890,34.0,M,Married,West,Gold,725000.0,150000,2021-12-25
C00891,25.0,M,Married,South,Gold,1249000.0,150000,2022-10-20
C00892,55.0,male ,Single,South,Silver,,50000,2019-03-13
C00893,46.0,Female,Married,North,Silver,613000.0,50000,2022-10-25
C00894,69.0,M,Married,West,Silver,436000.0,50000,2023-08-23
C00895,57.0,M,Divorced,South,Silver,488000.0,50000,2024-01-11
C00896,50.0,M,Single,South,Silver,392000.0,50000,2019-06-17
C00897,45.0,Female,Married,East,Platinum,1734000.0,300000,2020-04-01
C00898,23.0,M,Married,East,Silver,456000.0,50000,2019-04-04
C00899,24.0,M,Married,East,Gold,924000.0,150000,2024-01-10
C00900,51.0,M,Married,South,Signature,3290000.0,600000,2020-07-03
C00901,21.0,Female,Married,North,Silver,416000.0,50000,2021-11-29
C00902,23.0,M,Single,North,Gold,1331000.0,150000,2021-08-09
C00903,31.0,male ,Single,North,Gold,1249000.0,150000,2022-10-09
C00904,64.0,M,Married,East,Silver,471000.0,50000,2023-11-26
C00905,43.0,Female,Married,East,Gold,1363000.0,150000,2020-10-09
C00906,55.0,M,Single,East,Platinum,1734000.0,300000,2023-04-30
C00907,41.0,M,Single,West,Platinum,1970000.0,300000,2020-08-04
C00908,29.0,male ,Single,North,Platinum,2539000.0,300000,2020-01-31
C00909,39.0,Female,Married,West,Signature,4040000.0,600000,2019-08-01
C00910,25.0,Female,Single,West,Silver,432000.0,50000,2021-01-14
C00911,58.0,M,Married,East,Platinum,1916000.0,300000,2022-01-25
C00912,29.0,M,Married,East,Gold,1051000.0,150000,2023-04-10
C00913,39.0,Female,Single,North,Gold,1134000.0,150000,2023-08-24
C00914,69.0,Female,Married,North,Platinum,1968000.0,300000,2021-11-20
C00915,50.0,M,Married,North,Platinum,2004000.0,300000,2021-03-28
C00916,43.0,M,Married,East,Platinum,1770000.0,300000,2019-12-15
C00917,47.0,Female,Married,South,Silver,537000.0,50000,2024-01-03
C00918,59.0,Female,Married,North,Gold,854000.0,150000,2021-03-03
C00919,33.0,Female,Single,North,Silver,654000.0,50000,2023-03-10
C00920,52.0,Female,Married,North,Gold,1223000.0,150000,2022-06-05
C00921,63.0,male ,Married,East,Platinum,1974000.0,300000,2024-02-06
C00922,49.0,M,Single,East,Platinum,2446000.0,300000,2024-04-30
C00923,42.0,M,Married,East,Gold,,150000,2022-11-14
C00924,28.0,M,Divorced,North,Gold,941000.0,150000,2022-08-16
C00925,33.0,M,Married,North,Silver,504000.0,50000,2019-10-02
C00926,67.0,male ,Single,North,Silver,514000.0,50000,2019-02-02
C00927,47.0,M,Married,West,Silver,612000.0,50000,2021-12-28
C00928,35.0,Female,Single,East,Platinum,2748000.0,300000,2022-11-11
C00929,41.0,M,Married,South,Silver,483000.0,50000,2023-02-01
C00930,49.0,M,Divorced,North,Signature,3782000.0,600000,2020-05-16
C00931,47.0,Female,Married,South,Silver,564000.0,50000,2021-10-03
C00932,55.0,male ,Single,West,Gold,897000.0,150000,2023-09-21
C00933,33.0,Female,Married,North,Gold,799000.0,150000,2019-07-11
C00934,52.0,Female,Married,West,Gold,1373000.0,150000,2021-02-06
C00935,42.0,Female,Married,South,Gold,1267000.0,150000,2024-03-04
C00936,67.0,M,Married,North,Gold,1371000.0,150000,2020-02-04
C00937,28.0,M,Married,West,Platinum,1705000.0,300000,2020-09-25
C00938,28.0,Female,Single,East,Gold,712000.0,150000,2021-07-24
C00939,43.0,M,Married,East,Silver,503000.0,50000,2022-10-08
C00940,45.0,M,Married,North,Silver,677000.0,50000,2020-05-25
C00941,54.0,M,Married,South,Gold,797000.0,150000,2023-05-04
C00942,40.0,M,Married,East,Gold,782000.0,150000,2020-04-16
C00943,65.0,M,Married,East,Gold,748000.0,150000,2021-01-06
C00944,44.0,M,Single,North,Gold,1236000.0,150000,2022-02-20
C00945,27.0,Female,Married,East,Silver,625000.0,50000,2019-01-25
C00946,26.0,Female,Single,West,Platinum,2374000.0,300000,2023-03-15
C00947,68.0,M,Married,West,Gold,737000.0,150000,2022-08-30
C00948,27.0,Female,Married,North,Gold,1206000.0,150000,2023-07-28
C00949,67.0,M,Single,West,Gold,1014000.0,150000,2020-07-03
C00950,34.0,male ,Married,East,Platinum,1621000.0,300000,2021-03-06
C00951,25.0,Female,Married,North,Gold,907000.0,150000,2023-12-03
C00952,35.0,M,Divorced,North,Signature,4203000.0,600000,2019-05-14
C00953,51.0,Female,Divorced,West,Silver,465000.0,50000,2021-09-09
C00954,41.0,Female,Single,North,Gold,1379000.0,150000,2021-08-25
C00955,59.0,Female,Married,North,Gold,1032000.0,150000,2021-06-13
C00956,50.0,Female,Single,South,Gold,961000.0,150000,2021-05-17
C00957,40.0,Female,Divorced,East,Silver,586000.0,50000,2023-02-03
C00958,52.0,M,Divorced,East,Gold,,150000,2020-01-29
C00959,68.0,Female,Married,East,Silver,351000.0,50000,2023-11-18
C00960,41.0,Female,Married,West,Platinum,2266000.0,300000,2023-11-28
C00961,28.0,Female,Married,West,Silver,435000.0,50000,2019-12-25
C00962,41.0,M,Married,North,Silver,481000.0,50000,2024-05-02
C00963,62.0,Female,Single,North,Gold,1194000.0,150000,2020-06-08
C00964,31.0,M,Married,North,Silver,545000.0,50000,2019-04-14
C00965,67.0,Female,Married,South,Silver,479000.0,50000,2021-03-07
C00966,49.0,M,Married,South,Gold,817000.0,150000,2023-05-11
C00967,50.0,Female,Married,West,Gold,1054000.0,150000,2023-08-17
C00968,36.0,Female,Married,South,Silver,,50000,2022-07-15
C00969,66.0,M,Married,North,Gold,1339000.0,150000,2023-06-11
C00970,22.0,male ,Married,West,Gold,1074000.0,150000,2020-06-06
C00971,,M,Divorced,South,Platinum,2612000.0,300000,2023-10-24
C00972,41.0,Female,Married,West,Silver,487000.0,50000,2022-06-24
C00973,44.0,Female,Married,West,Silver,640000.0,50000,2019-09-25
C00974,44.0,male ,Married,West,Signature,2958000.0,600000,2019-09-15
C00975,28.0,M,Married,West,Gold,909000.0,150000,2020-06-18
C00976,32.0,M,Married,North,Silver,377000.0,50000,2019-05-19
C00977,25.0,M,Married,East,Platinum,1444000.0,300000,2020-07-19
C00978,49.0,Female,Married,South,Silver,672000.0,50000,2024-06-09
C00979,38.0,Female,Married,East,Platinum,2404000.0,300000,2020-04-25
C00980,48.0,M,Single,East,Gold,1138000.0,150000,2022-06-26
C00981,49.0,Female,Married,East,Signature,4291000.0,600000,2024-05-09
C00982,55.0,M,Married,South,Signature,4395000.0,600000,2020-05-21
C00983,47.0,Female,Single,West,Silver,574000.0,50000,2022-10-24
C00984,52.0,M,Married,East,Platinum,2557000.0,300000,2021-06-19
C00985,49.0,Female,Married,West,Silver,559000.0,50000,2020-07-24
C00986,,Female,Married,North,Gold,1224000.0,150000,2024-03-15
C00987,51.0,M,Married,West,Gold,897000.0,150000,2022-08-06
C00988,36.0,Female,Married,South,Silver,692000.0,50000,2021-05-27
C00989,33.0,Female,Divorced,South,Silver,361000.0,50000,2023-06-13
C00990,59.0,M,Divorced,West,Silver,485000.0,50000,2023-12-06
C00991,37.0,M,Divorced,South,Silver,659000.0,50000,2023-04-12
C00992,47.0,Female,Married,South,Silver,413000.0,50000,2023-10-04
C00993,30.0,M,Married,West,Platinum,1598000.0,300000,2020-10-06
C00994,,M,Married,West,Gold,956000.0,150000,2020-11-19
C00995,46.0,M,Married,South,Platinum,1999000.0,300000,2020-04-10
C00996,51.0,Female,Married,South,Platinum,,300000,2022-10-24
C00997,46.0,M,Married,North,Platinum,2571000.0,300000,2023-05-26
C00998,38.0,M,Married,North,Silver,512000.0,50000,2022-08-13
C00999,68.0,Female,Married,East,Platinum,2762000.0,300000,2022-04-13
C01000,46.0,Female,Married,South,Platinum,2299000.0,300000,2023-03-23
C01001,,Female,Single,West,Platinum,2623000.0,300000,2019-12-29
C01002,57.0,M,Married,North,Platinum,1744000.0,300000,2021-01-01
C01003,48.0,Female,Single,East,Gold,1042000.0,150000,2022-11-15
C01004,64.0,Female,Married,East,Gold,,150000,2019-04-15
C01005,27.0,M,Married,East,Platinum,1412000.0,300000,2023-12-27
C01006,66.0,Female,Married,North,Gold,1194000.0,150000,2019-12-09
C01007,62.0,M,Married,South,Platinum,1566000.0,300000,2023-04-23
C01008,45.0,M,Married,East,Silver,542000.0,50000,2022-05-18
C01009,56.0,M,Married,South,Silver,594000.0,50000,2023-08-23
C01010,46.0,Female,Single,West,Gold,723000.0,150000,2023-03-31
C01011,34.0,M,Married,East,Silver,507000.0,50000,2021-10-28
C01012,60.0,M,Married,South,Signature,4716000.0,600000,2023-02-21
C01013,33.0,M,Divorced,North,Silver,,50000,2020-11-23
C01014,36.0,M,Married,North,Gold,909000.0,150000,2022-03-13
C01015,46.0,M,Single,South,Silver,691000.0,50000,2024-01-05
C01016,62.0,Female,Married,South,Signature,5165000.0,600000,2019-06-19
C01017,39.0,M,Married,West,Silver,578000.0,50000,2020-12-12
C01018,45.0,M,Married,West,Silver,487000.0,50000,2019-02-04
C01019,23.0,Female,Married,North,Silver,599000.0,50000,2021-12-04
C01020,26.0,M,Single,East,Gold,1271000.0,150000,2023-04-14
C01021,23.0,Female,Married,South,Signature,3649000.0,600000,2019-03-19
C01022,24.0,M,Married,North,Signature,5580000.0,600000,2022-01-03
C01023,63.0,M,Married,East,Silver,668000.0,50000,2021-04-10
C01024,62.0,M,Divorced,East,Gold,1040000.0,150000,2023-04-15
C01025,61.0,M,Single,North,Silver,603000.0,50000,2020-03-16
C01026,23.0,male ,Divorced,South,Gold,1067000.0,150000,2019-11-22
C01027,24.0,Female,Single,East,Gold,1233000.0,150000,2019-07-09
C01028,34.0,M,Single,South,Silver,639000.0,50000,2021-03-25
C01029,48.0,Female,Married,South,Gold,716000.0,150000,2021-09-02
C01030,37.0,Female,Divorced,North,Platinum,1511000.0,300000,2024-01-13
C01031,44.0,M,Married,North,Silver,468000.0,50000,2021-07-20
C01032,29.0,M,Married,West,Silver,671000.0,50000,2019-12-10
C01033,56.0,M,Single,East,Silver,489000.0,50000,2022-10-30
C01034,36.0,M,Married,North,Silver,661000.0,50000,2019-05-04
C01035,24.0,M,Married,South,Silver,512000.0,50000,2020-11-21
C01036,57.0,Female,Married,North,Gold,902000.0,150000,2022-07-30
C01037,65.0,Female,Married,South,Silver,665000.0,50000,2020-05-22
C01038,21.0,M,Single,North,Platinum,2185000.0,300000,2022-04-04
C01039,42.0,Female,Married,East,Platinum,1905000.0,300000,2021-06-25
C01040,61.0,Female,Single,East,Platinum,1462000.0,300000,2024-03-19
C01041,55.0,M,Married,East,Gold,778000.0,150000,2020-07-28
C01042,62.0,Female,Single,South,Silver,,50000,2023-12-18
C01043,41.0,Female,Married,South,Silver,478000.0,50000,2022-06-05
C01044,39.0,Female,Divorced,North,Silver,563000.0,50000,2023-02-07
C01045,55.0,Female,Married,North,Signature,3661000.0,600000,2019-12-04
C01046,28.0,M,Married,South,Signature,2983000.0,600000,2019-02-08
C01047,32.0,M,Married,South,Silver,443000.0,50000,2023-01-01
C01048,50.0,Female,Married,East,Silver,493000.0,50000,2021-08-18
C01049,53.0,M,Married,North,Gold,1395000.0,150000,2020-09-09
C01050,26.0,M,Single,South,Silver,488000.0,50000,2023-11-28
C01051,45.0,Female,Divorced,West,Signature,3050000.0,600000,2020-10-14
C01052,38.0,M,Single,West,Silver,553000.0,50000,2021-05-17
C01053,45.0,male ,Married,West,Silver,672000.0,50000,2022-12-19
C01054,67.0,Female,Married,South,Gold,1251000.0,150000,2024-04-08
C01055,24.0,M,Single,North,Silver,643000.0,50000,2023-12-03
C01056,69.0,male ,Single,North,Silver,675000.0,50000,2022-07-28
C01057,43.0,Female,Married,North,Platinum,2291000.0,300000,2019-08-09
C01058,58.0,M,Divorced,West,Silver,698000.0,50000,2019-08-07
C01059,41.0,M,Married,West,Gold,723000.0,150000,2022-10-17
C01060,36.0,M,Single,West,Gold,1284000.0,150000,2021-10-15
C01061,58.0,Female,Divorced,East,Silver,650000.0,50000,2019-09-24
C01062,54.0,M,Single,South,Silver,671000.0,50000,2022-10-23
C01063,28.0,M,Married,South,Silver,517000.0,50000,2024-02-28
C01064,55.0,M,Single,West,Silver,626000.0,50000,2019-05-11
C01065,57.0,male ,Married,West,Silver,418000.0,50000,2023-07-10
C01066,40.0,Female,Single,East,Platinum,2244000.0,300000,2020-11-20
C01067,66.0,M,Married,West,Gold,951000.0,150000,2021-03-06
C01068,52.0,Female,Single,South,Signature,4469000.0,600000,2022-12-05
C01069,37.0,M,Divorced,South,Gold,1173000.0,150000,2020-05-08
C01070,21.0,M,Married,West,Gold,943000.0,150000,2019-11-11
C01071,54.0,Female,Married,South,Gold,851000.0,150000,2024-04-11
C01072,31.0,M,Single,West,Silver,463000.0,50000,2020-11-27
C01073,58.0,M,Married,South,Silver,582000.0,50000,2019-12-06
C01074,46.0,Female,Married,South,Gold,1174000.0,150000,2022-10-11
C01075,43.0,M,Married,North,Platinum,2438000.0,300000,2020-03-09
C01076,29.0,Female,Married,East,Gold,789000.0,150000,2023-04-01
C01077,55.0,Female,Single,South,Silver,636000.0,50000,2019-05-21
C01078,29.0,M,Single,South,Signature,4727000.0,600000,2021-11-03
C01079,41.0,M,Married,East,Silver,361000.0,50000,2021-03-16
C01080,61.0,M,Married,North,Signature,3740000.0,600000,2024-03-28
C01081,66.0,M,Married,North,Platinum,2053000.0,300000,2021-11-08
C01082,69.0,M,Married,West,Platinum,1905000.0,300000,2024-01-25
C01083,67.0,Female,Single,East,Platinum,1564000.0,300000,2020-05-12
C01084,48.0,M,Married,East,Silver,423000.0,50000,2021-08-04
C01085,30.0,male ,Married,North,Gold,717000.0,150000,2023-06-16
C01086,62.0,M,Divorced,East,Platinum,1530000.0,300000,2019-11-17
C01087,60.0,M,Married,South,Platinum,1773000.0,300000,2024-01-30
C01088,69.0,M,Single,East,Silver,637000.0,50000,2023-03-26
C01089,52.0,Female,Married,North,Silver,534000.0,50000,2022-09-15
C01090,27.0,M,Married,East,Silver,499000.0,50000,2020-05-01
C01091,45.0,M,Married,East,Gold,,150000,2023-06-25
C01092,42.0,Female,Single,South,Gold,1079000.0,150000,2023-08-13
C01093,62.0,Female,Single,North,Platinum,1584000.0,300000,2020-08-08
C01094,40.0,M,Married,West,Platinum,1712000.0,300000,2022-03-20
C01095,37.0,Female,Married,East,Gold,856000.0,150000,2019-05-02
C01096,,M,Married,East,Silver,560000.0,50000,2021-02-27
C01097,61.0,M,Single,West,Gold,1023000.0,150000,2019-10-29
C01098,58.0,M,Single,East,Silver,486000.0,50000,2022-01-17
C01099,23.0,M,Single,North,Silver,545000.0,50000,2022-01-02
C01100,42.0,M,Divorced,South,Silver,690000.0,50000,2021-12-01
C01101,44.0,Female,Married,West,Silver,460000.0,50000,2022-09-16
C01102,43.0,M,Single,South,Silver,532000.0,50000,2024-01-24
C01103,66.0,Female,Single,West,Gold,1036000.0,150000,2020-01-29
C01104,28.0,Female,Married,North,Silver,601000.0,50000,2020-03-04
C01105,36.0,male ,Divorced,South,Silver,606000.0,50000,2020-03-06
C01106,29.0,male ,Married,South,Silver,605000.0,50000,2024-01-31
C01107,32.0,Female,Single,East,Gold,841000.0,150000,2019-07-05
C01108,65.0,Female,Single,North,Gold,1014000.0,150000,2019-03-04
C01109,67.0,M,Divorced,North,Silver,634000.0,50000,2019-11-17
C01110,23.0,M,Married,East,Silver,484000.0,50000,2023-03-19
C01111,51.0,M,Married,South,Signature,5556000.0,600000,2022-03-05
C01112,32.0,Female,Single,West,Gold,955000.0,150000,2024-01-14
C01113,30.0,M,Single,West,Gold,1048000.0,150000,2020-02-13
C01114,35.0,Female,Married,South,Gold,1032000.0,150000,2021-02-27
C01115,30.0,M,Single,East,Platinum,2007000.0,300000,2022-01-15
C01116,45.0,Female,Married,South,Platinum,2584000.0,300000,2019-05-27
C01117,69.0,M,Single,South,Silver,404000.0,50000,2024-01-12
C01118,49.0,M,Single,East,Gold,1097000.0,150000,2023-05-29
C01119,56.0,M,Married,South,Silver,567000.0,50000,2019-10-15
C01120,45.0,male ,Married,North,Gold,1296000.0,150000,2023-08-13
C01121,21.0,M,Divorced,South,Silver,563000.0,50000,2021-06-16
C01122,25.0,M,Single,West,Silver,686000.0,50000,2020-11-03
C01123,34.0,M,Single,South,Signature,5242000.0,600000,2024-03-07
C01124,32.0,M,Married,South,Platinum,1888000.0,300000,2021-11-03
C01125,62.0,M,Divorced,East,Silver,651000.0,50000,2020-03-30
C01126,62.0,M,Married,North,Signature,5484000.0,600000,2023-06-07
C01127,62.0,M,Married,South,Silver,440000.0,50000,2022-12-02
C01128,52.0,M,Married,North,Gold,1127000.0,150000,2020-01-20
C01129,48.0,M,Single,West,Platinum,1795000.0,300000,2022-09-16
C01130,52.0,M,Divorced,West,Silver,577000.0,50000,2022-06-11
C01131,40.0,M,Single,West,Gold,766000.0,150000,2020-07-04
C01132,53.0,Female,Single,North,Gold,1214000.0,150000,2021-05-11
C01133,59.0,Female,Married,East,Silver,497000.0,50000,2023-08-06
C01134,58.0,Female,Married,East,Gold,1111000.0,150000,2019-12-15
C01135,51.0,M,Married,West,Silver,359000.0,50000,2022-12-15
C01136,23.0,Female,Married,North,Gold,1187000.0,150000,2023-07-21
C01137,56.0,M,Married,East,Silver,524000.0,50000,2024-02-17
C01138,38.0,Female,Single,North,Silver,569000.0,50000,2020-10-11
C01139,57.0,Female,Single,East,Gold,921000.0,150000,2020-06-17
C01140,47.0,Female,Single,West,Silver,,50000,2024-02-12
C01141,64.0,Female,Married,North,Gold,1005000.0,150000,2021-07-14
C01142,37.0,M,Married,North,Gold,,150000,2022-02-11
C01143,66.0,Female,Married,West,Platinum,1719000.0,300000,2021-10-23
C01144,62.0,Female,Married,North,Silver,587000.0,50000,2021-10-26
C01145,37.0,M,Married,East,Platinum,1470000.0,300000,2022-06-03
C01146,44.0,Female,Married,East,Gold,1203000.0,150000,2021-04-26
C01147,47.0,M,Married,South,Silver,433000.0,50000,2021-02-23
C01148,58.0,Female,Single,West,Platinum,2032000.0,300000,2021-03-12
C01149,54.0,Female,Married,West,Gold,957000.0,150000,2022-08-05
C01150,62.0,M,Married,South,Gold,779000.0,150000,2023-06-24
C01151,39.0,Female,Married,North,Gold,,150000,2022-01-15
C01152,45.0,M,Married,North,Platinum,1890000.0,300000,2022-09-17
C01153,42.0,Female,Married,North,Signature,4262000.0,600000,2021-04-06
C01154,65.0,male ,Married,West,Gold,1381000.0,150000,2023-03-28
C01155,35.0,Female,Single,East,Platinum,2058000.0,300000,2021-02-26
C01156,49.0,Female,Married,East,Platinum,2680000.0,300000,2021-04-22
C01157,26.0,M,Divorced,North,Platinum,2046000.0,300000,2019-04-21
C01158,62.0,M,Married,West,Signature,3101000.0,600000,2020-06-06
C01159,39.0,M,Married,East,Silver,431000.0,50000,2023-01-16
C01160,37.0,M,Married,West,Silver,493000.0,50000,2019-06-23
C01161,49.0,M,Married,South,Gold,928000.0,150000,2020-03-23
C01162,45.0,M,Married,East,Gold,1306000.0,150000,2023-04-03
C01163,62.0,M,Single,East,Gold,1175000.0,150000,2023-10-13
C01164,47.0,M,Married,South,Platinum,2210000.0,300000,2021-04-10
C01165,46.0,Female,Single,East,Signature,4175000.0,600000,2021-03-24
C01166,26.0,M,Married,South,Gold,978000.0,150000,2021-10-15
C01167,22.0,Female,Married,West,Gold,1129000.0,150000,2023-03-21
C01168,40.0,M,Married,East,Silver,394000.0,50000,2021-07-27
C01169,69.0,M,Married,East,Gold,814000.0,150000,2019-12-13
C01170,65.0,M,Married,East,Silver,456000.0,50000,2021-05-12
C01171,51.0,M,Divorced,South,Gold,820000.0,150000,2020-05-24
C01172,51.0,M,Single,West,Gold,1174000.0,150000,2022-09-29
C01173,40.0,M,Divorced,North,Platinum,1435000.0,300000,2019-10-13
C01174,29.0,M,Married,East,Gold,812000.0,150000,2022-05-02
C01175,21.0,M,Single,North,Silver,666000.0,50000,2019-09-17
C01176,37.0,Female,Single,South,Silver,699000.0,50000,2024-04-28
C01177,36.0,M,Single,East,Silver,521000.0,50000,2022-07-04
C01178,30.0,Female,Divorced,South,Signature,4187000.0,600000,2019-10-05
C01179,33.0,M,Single,West,Platinum,2483000.0,300000,2024-04-01
C01180,22.0,Female,Single,East,Silver,363000.0,50000,2022-02-21
C01181,50.0,Female,Single,South,Silver,499000.0,50000,2022-04-28
C01182,66.0,Female,Married,South,Gold,770000.0,150000,2019-05-07
C01183,54.0,Female,Single,East,Gold,981000.0,150000,2020-01-11
C01184,42.0,M,Married,West,Silver,694000.0,50000,2023-06-04
C01185,41.0,Female,Divorced,South,Silver,614000.0,50000,2021-07-24
C01186,36.0,M,Single,East,Gold,1390000.0,150000,2022-05-17
C01187,27.0,Female,Married,East,Silver,611000.0,50000,2024-05-28
C01188,50.0,Female,Married,North,Silver,563000.0,50000,2021-05-06
C01189,48.0,M,Married,West,Silver,614000.0,50000,2021-01-31
C01190,21.0,Female,Married,East,Gold,1161000.0,150000,2023-05-24
C01191,41.0,M,Married,North,Gold,1025000.0,150000,2019-05-13
C01192,34.0,Female,Single,East,Silver,452000.0,50000,2021-06-29
C01193,29.0,Female,Single,East,Gold,1064000.0,150000,2023-09-06
C01194,55.0,M,Single,West,Gold,881000.0,150000,2020-03-31
C01195,46.0,Female,Married,North,Platinum,,300000,2020-08-31
C01196,52.0,Female,Married,South,Signature,3209000.0,600000,2021-08-03
C01197,55.0,M,Married,North,Silver,548000.0,50000,2019-05-29
C01198,69.0,M,Single,East,Platinum,1743000.0,300000,2019-05-22
C01199,60.0,M,Married,East,Gold,906000.0,150000,2020-05-17
C01200,51.0,Female,Married,South,Gold,1049000.0,150000,2023-12-01
C01201,64.0,M,Married,West,Silver,407000.0,50000,2020-03-19
C01202,44.0,Female,Single,East,Silver,687000.0,50000,2023-01-01
C01203,69.0,Female,Married,South,Silver,506000.0,50000,2021-05-02
C01204,58.0,M,Single,North,Signature,3786000.0,600000,2023-03-01
C01205,52.0,M,Single,South,Gold,720000.0,150000,2020-10-22
C01206,65.0,Female,Single,West,Gold,1290000.0,150000,2023-10-15
C01207,46.0,Female,Married,South,Gold,1138000.0,150000,2021-01-11
C01208,56.0,M,Married,West,Silver,496000.0,50000,2023-05-03
C01209,34.0,M,Married,East,Silver,436000.0,50000,2023-07-21
C01210,68.0,M,Married,East,Gold,1222000.0,150000,2021-05-13
C01211,51.0,Female,Single,South,Gold,1362000.0,150000,2022-08-26
C01212,59.0,M,Married,East,Platinum,1933000.0,300000,2019-08-26
C01213,43.0,Female,Married,North,Gold,794000.0,150000,2021-09-19
C01214,63.0,M,Married,North,Gold,776000.0,150000,2021-01-16
C01215,24.0,Female,Single,South,Platinum,1409000.0,300000,2024-03-23
C01216,26.0,M,Married,East,Silver,610000.0,50000,2024-02-12
C01217,45.0,M,Single,East,Gold,1387000.0,150000,2023-04-16
C01218,56.0,Female,Married,South,Gold,1395000.0,150000,2024-03-13
C01219,60.0,Female,Divorced,South,Silver,624000.0,50000,2024-05-05
C01220,42.0,male ,Single,East,Silver,407000.0,50000,2023-03-16
C01221,52.0,M,Married,East,Silver,692000.0,50000,2022-04-02
C01222,48.0,M,Married,North,Silver,465000.0,50000,2020-02-13
C01223,68.0,M,Married,South,Gold,934000.0,150000,2023-06-19
C01224,53.0,M,Married,East,Silver,591000.0,50000,2020-01-24
C01225,41.0,Female,Married,West,Gold,734000.0,150000,2020-01-06
C01226,68.0,M,Single,South,Silver,639000.0,50000,2023-10-26
C01227,26.0,Female,Single,West,Silver,699000.0,50000,2019-08-17
C01228,69.0,male ,Married,East,Silver,621000.0,50000,2019-10-11
C01229,28.0,M,Single,South,Silver,624000.0,50000,2021-10-18
C01230,35.0,Female,Married,East,Signature,3893000.0,600000,2022-03-14
C01231,61.0,M,Divorced,West,Silver,373000.0,50000,2019-04-02
C01232,56.0,Female,Married,North,Silver,627000.0,50000,2021-01-26
C01233,68.0,M,Single,North,Silver,559000.0,50000,2020-03-26
C01234,57.0,Female,Single,South,Silver,668000.0,50000,2020-08-27
C01235,52.0,Female,Married,North,Gold,781000.0,150000,2019-12-28
C01236,37.0,Female,Married,West,Platinum,1827000.0,300000,2022-09-16
C01237,21.0,M,Married,West,Silver,476000.0,50000,2021-08-03
C01238,27.0,M,Single,East,Gold,1178000.0,150000,2024-04-03
C01239,35.0,M,Married,West,Gold,1251000.0,150000,2019-01-17
C01240,23.0,Female,Single,North,Platinum,2745000.0,300000,2023-04-05
C01241,45.0,M,Single,East,Gold,907000.0,150000,2023-12-25
C01242,59.0,M,Single,South,Silver,523000.0,50000,2021-08-30
C01243,68.0,male ,Married,South,Gold,720000.0,150000,2022-10-30
C01244,44.0,M,Married,South,Platinum,1754000.0,300000,2021-05-31
C01245,63.0,M,Single,East,Gold,962000.0,150000,2022-04-05
C01246,69.0,M,Married,East,Signature,4463000.0,600000,2023-12-21
C01247,63.0,M,Single,North,Platinum,2059000.0,300000,2021-11-26
C01248,43.0,Female,Married,East,Silver,478000.0,50000,2022-03-02
C01249,36.0,M,Married,West,Platinum,2274000.0,300000,2024-05-27
C01250,68.0,male ,Single,North,Gold,1280000.0,150000,2021-09-20
C01251,32.0,Female,Married,West,Gold,869000.0,150000,2019-12-13
C01252,41.0,male ,Married,East,Gold,,150000,2022-09-27
C01253,24.0,M,Married,South,Platinum,2387000.0,300000,2022-10-17
C01254,59.0,Female,Married,East,Gold,1245000.0,150000,2020-04-19
C01255,52.0,Female,Single,East,Gold,1278000.0,150000,2022-12-28
C01256,25.0,Female,Married,West,Silver,,50000,2019-05-08
C01257,31.0,Female,Married,North,Gold,1077000.0,150000,2020-10-02
C01258,48.0,male ,Married,North,Platinum,2660000.0,300000,2023-09-07
C01259,47.0,M,Divorced,East,Gold,974000.0,150000,2022-05-20
C01260,60.0,M,Married,South,Silver,500000.0,50000,2022-04-29
C01261,34.0,Female,Divorced,North,Platinum,2779000.0,300000,2022-05-26
C01262,66.0,Female,Single,South,Platinum,1558000.0,300000,2019-11-26
C01263,42.0,M,Married,East,Gold,1194000.0,150000,2024-04-06
C01264,61.0,M,Single,North,Silver,648000.0,50000,2020-08-19
C01265,32.0,Female,Single,West,Gold,806000.0,150000,2023-04-22
C01266,22.0,M,Married,South,Silver,600000.0,50000,2024-06-02
C01267,23.0,Female,Married,North,Silver,514000.0,50000,2020-04-26
C01268,39.0,M,Single,North,Gold,1297000.0,150000,2022-06-22
C01269,67.0,Female,Single,West,Platinum,2670000.0,300000,2019-03-26
C01270,23.0,Female,Single,North,Silver,655000.0,50000,2022-06-26
C01271,39.0,Female,Divorced,South,Platinum,1490000.0,300000,2021-06-01
C01272,26.0,Female,Married,East,Platinum,2460000.0,300000,2019-05-25
C01273,66.0,Female,Single,East,Silver,673000.0,50000,2022-09-06
C01274,54.0,Female,Single,South,Silver,567000.0,50000,2024-04-21
C01275,58.0,Female,Married,North,Gold,1121000.0,150000,2019-06-16
C01276,55.0,M,Married,East,Platinum,1463000.0,300000,2023-11-21
C01277,53.0,Female,Married,South,Silver,650000.0,50000,2023-08-15
C01278,58.0,M,Single,North,Gold,732000.0,150000,2021-12-31
C01279,21.0,Female,Married,North,Gold,919000.0,150000,2023-12-08
C01280,63.0,Female,Single,East,Platinum,2696000.0,300000,2020-09-10
C01281,57.0,M,Married,North,Gold,1365000.0,150000,2022-12-11
C01282,57.0,M,Married,South,Silver,697000.0,50000,2022-10-28
C01283,40.0,M,Single,North,Silver,517000.0,50000,2022-03-06
C01284,60.0,Female,Married,West,Silver,412000.0,50000,2023-07-25
C01285,39.0,M,Single,East,Signature,4166000.0,600000,2023-10-19
C01286,23.0,M,Married,West,Platinum,1543000.0,300000,2023-04-22
C01287,65.0,Female,Divorced,North,Platinum,2622000.0,300000,2022-03-22
C01288,32.0,Female,Married,South,Silver,546000.0,50000,2024-05-08
C01289,25.0,male ,Divorced,South,Gold,983000.0,150000,2022-01-16
C01290,51.0,M,Single,East,Silver,378000.0,50000,2022-06-27
C01291,32.0,Female,Married,West,Silver,492000.0,50000,2020-01-13
C01292,63.0,Female,Married,North,Silver,653000.0,50000,2020-10-04
C01293,42.0,male ,Married,West,Platinum,2385000.0,300000,2023-12-15
C01294,21.0,M,Single,East,Silver,379000.0,50000,2021-09-22
C01295,67.0,M,Single,West,Gold,812000.0,150000,2021-10-19
C01296,46.0,M,Married,North,Signature,3898000.0,600000,2023-06-21
C01297,33.0,Female,Married,West,Gold,771000.0,150000,2020-10-14
C01298,54.0,M,Single,South,Silver,677000.0,50000,2020-06-14
C01299,46.0,M,Married,South,Platinum,2313000.0,300000,2019-01-18
C01300,22.0,Female,Single,North,Gold,766000.0,150000,2020-04-07
C01301,58.0,Female,Married,West,Gold,1252000.0,150000,2021-10-21
C01302,40.0,male ,Single,West,Gold,958000.0,150000,2022-12-20
C01303,55.0,M,Divorced,North,Platinum,1743000.0,300000,2020-10-20
C01304,64.0,M,Married,South,Gold,1099000.0,150000,2021-06-07
C01305,50.0,M,Married,East,Gold,709000.0,150000,2020-03-19
C01306,53.0,M,Married,East,Gold,1026000.0,150000,2023-06-22
C01307,33.0,Female,Single,North,Silver,645000.0,50000,2021-11-15
C01308,32.0,M,Married,South,Platinum,2699000.0,300000,2019-10-15
C01309,41.0,Female,Divorced,South,Silver,470000.0,50000,2022-05-04
C01310,62.0,Female,Single,South,Silver,575000.0,50000,2020-11-02
C01311,46.0,Female,Married,West,Silver,429000.0,50000,2023-09-27
C01312,38.0,M,Single,North,Silver,546000.0,50000,2020-06-20
C01313,59.0,M,Married,East,Gold,878000.0,150000,2023-09-26
C01314,62.0,M,Single,West,Gold,1100000.0,150000,2022-10-27
C01315,65.0,M,Married,West,Silver,410000.0,50000,2019-09-28
C01316,35.0,M,Single,West,Silver,679000.0,50000,2023-02-27
C01317,55.0,M,Divorced,North,Platinum,2642000.0,300000,2022-12-12
C01318,49.0,Female,Single,North,Signature,3743000.0,600000,2021-07-01
C01319,42.0,M,Single,West,Gold,1244000.0,150000,2019-11-18
C01320,40.0,Female,Married,East,Silver,383000.0,50000,2021-08-14
C01321,26.0,M,Single,East,Silver,609000.0,50000,2022-05-02
C01322,34.0,M,Single,South,Silver,449000.0,50000,2019-09-22
C01323,47.0,M,Single,East,Silver,397000.0,50000,2020-11-13
C01324,64.0,male ,Married,North,Signature,4699000.0,600000,2022-11-04
C01325,63.0,M,Married,South,Platinum,2058000.0,300000,2022-01-10
C01326,30.0,Female,Single,East,Silver,536000.0,50000,2024-06-07
C01327,54.0,M,Married,North,Signature,4257000.0,600000,2020-03-09
C01328,,M,Single,North,Gold,742000.0,150000,2023-04-05
C01329,54.0,Female,Single,North,Silver,368000.0,50000,2021-04-30
C01330,37.0,M,Divorced,North,Gold,1121000.0,150000,2020-03-22
C01331,43.0,Female,Married,West,Silver,568000.0,50000,2024-03-17
C01332,56.0,M,Divorced,East,Platinum,1466000.0,300000,2022-05-31
C01333,41.0,Female,Married,West,Silver,482000.0,50000,2021-12-06
C01334,60.0,M,Married,South,Gold,1129000.0,150000,2020-08-12
C01335,47.0,M,Single,East,Silver,580000.0,50000,2023-10-29
C01336,69.0,Female,Married,West,Platinum,2560000.0,300000,2019-03-02
C01337,52.0,Female,Married,South,Gold,995000.0,150000,2019-08-19
C01338,35.0,male ,Married,East,Gold,1084000.0,150000,2019-12-26
C01339,58.0,Female,Married,East,Silver,552000.0,50000,2022-07-30
C01340,40.0,M,Single,West,Platinum,1837000.0,300000,2019-07-25
C01341,47.0,M,Married,West,Gold,738000.0,150000,2023-05-14
C01342,27.0,M,Married,East,Silver,351000.0,50000,2020-01-27
C01343,26.0,Female,Single,East,Platinum,2571000.0,300000,2022-09-14
C01344,49.0,M,Married,West,Silver,420000.0,50000,2023-05-11
C01345,30.0,Female,Single,East,Silver,571000.0,50000,2023-10-24
C01346,69.0,M,Divorced,South,Gold,1104000.0,150000,2020-08-08
C01347,62.0,male ,Single,East,Silver,490000.0,50000,2019-05-30
C01348,55.0,Female,Single,East,Gold,1283000.0,150000,2023-02-23
C01349,57.0,M,Married,North,Silver,594000.0,50000,2021-06-16
C01350,50.0,M,Single,East,Silver,358000.0,50000,2024-03-12
C01351,23.0,M,Married,East,Silver,622000.0,50000,2020-01-12
C01352,40.0,Female,Married,West,Silver,527000.0,50000,2022-02-22
C01353,45.0,M,Single,East,Signature,3772000.0,600000,2019-08-27
C01354,65.0,Female,Married,North,Gold,1209000.0,150000,2021-08-28
C01355,31.0,M,Single,West,Gold,1180000.0,150000,2019-01-03
C01356,45.0,Female,Single,East,Silver,459000.0,50000,2023-02-09
C01357,37.0,M,Divorced,South,Gold,1388000.0,150000,2022-04-24
C01358,27.0,M,Married,West,Silver,577000.0,50000,2019-07-14
C01359,26.0,Female,Married,South,Silver,562000.0,50000,2021-09-25
C01360,38.0,M,Single,South,Gold,749000.0,150000,2021-05-06
C01361,25.0,Female,Married,West,Gold,896000.0,150000,2022-09-09
C01362,24.0,M,Married,West,Platinum,2026000.0,300000,2021-09-24
C01363,38.0,M,Single,East,Platinum,2283000.0,300000,2021-07-06
C01364,30.0,male ,Divorced,South,Platinum,2118000.0,300000,2023-07-21
C01365,48.0,Female,Single,West,Silver,617000.0,50000,2021-11-04
C01366,21.0,Female,Married,North,Silver,442000.0,50000,2023-06-17
C01367,35.0,M,Married,East,Silver,596000.0,50000,2023-11-06
C01368,43.0,M,Single,East,Platinum,2543000.0,300000,2023-08-24
C01369,68.0,M,Married,West,Platinum,2471000.0,300000,2024-03-26
C01370,52.0,Female,Married,South,Platinum,2479000.0,300000,2022-10-27
C01371,64.0,M,Married,West,Silver,661000.0,50000,2022-01-28
C01372,37.0,M,Married,North,Platinum,1518000.0,300000,2021-11-27
C01373,43.0,M,Married,West,Gold,1188000.0,150000,2020-02-14
C01374,41.0,M,Married,North,Platinum,2756000.0,300000,2023-07-14
C01375,64.0,male ,Single,East,Gold,1102000.0,150000,2022-10-18
C01376,68.0,M,Married,North,Silver,426000.0,50000,2023-10-13
C01377,68.0,Female,Single,West,Silver,700000.0,50000,2022-11-03
C01378,57.0,Female,Married,West,Signature,3289000.0,600000,2021-08-18
C01379,45.0,M,Single,North,Gold,935000.0,150000,2020-08-13
C01380,47.0,Female,Married,West,Silver,410000.0,50000,2024-05-25
C01381,69.0,Female,Married,South,Silver,513000.0,50000,2023-01-07
C01382,34.0,male ,Married,East,Silver,497000.0,50000,2023-10-16
C01383,37.0,M,Married,North,Signature,4175000.0,600000,2022-03-16
C01384,64.0,M,Married,North,Silver,675000.0,50000,2021-10-17
C01385,39.0,M,Single,North,Silver,517000.0,50000,2019-03-10
C01386,32.0,Female,Divorced,East,Platinum,2120000.0,300000,2019-05-19
C01387,48.0,Female,Married,East,Gold,1321000.0,150000,2022-11-14
C01388,36.0,M,Married,West,Silver,636000.0,50000,2020-03-24
C01389,64.0,Female,Single,North,Silver,434000.0,50000,2019-06-14
C01390,65.0,M,Single,East,Silver,355000.0,50000,2023-04-02
C01391,35.0,Female,Married,North,Silver,570000.0,50000,2022-05-26
C01392,46.0,Female,Single,South,Silver,646000.0,50000,2019-08-11
C01393,69.0,M,Married,North,Silver,543000.0,50000,2021-09-26
C01394,57.0,M,Single,North,Platinum,1696000.0,300000,2021-07-28
C01395,31.0,male ,Married,East,Platinum,2438000.0,300000,2019-01-08
C01396,49.0,Female,Married,West,Platinum,2337000.0,300000,2022-04-24
C01397,51.0,M,Married,East,Silver,548000.0,50000,2021-03-04
C01398,53.0,M,Single,West,Silver,652000.0,50000,2023-10-23
C01399,22.0,M,Married,East,Signature,4996000.0,600000,2019-08-20
C01400,35.0,male ,Single,North,Platinum,2335000.0,300000,2023-08-22
C01401,62.0,Female,Single,South,Gold,1165000.0,150000,2019-01-13
C01402,32.0,Female,Single,West,Silver,582000.0,50000,2023-03-09
C01403,35.0,Female,Married,North,Silver,534000.0,50000,2023-04-15
C01404,36.0,Female,Married,North,Gold,1025000.0,150000,2021-03-26
C01405,29.0,Female,Married,West,Gold,1197000.0,150000,2020-07-15
C01406,28.0,M,Single,North,Silver,564000.0,50000,2019-10-12
C01407,38.0,Female,Divorced,West,Signature,4172000.0,600000,2020-11-10
C01408,63.0,M,Married,West,Gold,789000.0,150000,2022-09-01
C01409,21.0,M,Single,East,Gold,1191000.0,150000,2022-12-20
C01410,34.0,Female,Married,East,Silver,576000.0,50000,2019-12-29
C01411,23.0,Female,Married,North,Platinum,1879000.0,300000,2019-01-23
C01412,48.0,Female,Married,South,Platinum,1899000.0,300000,2022-01-27
C01413,33.0,M,Single,West,Silver,436000.0,50000,2022-03-07
C01414,59.0,Female,Married,West,Gold,1373000.0,150000,2024-05-15
C01415,49.0,M,Married,South,Gold,1302000.0,150000,2023-03-03
C01416,59.0,M,Single,West,Platinum,2185000.0,300000,2022-01-05
C01417,52.0,M,Married,West,Silver,491000.0,50000,2022-03-29
C01418,42.0,Female,Married,North,Platinum,2432000.0,300000,2022-07-15
C01419,63.0,M,Married,East,Gold,1069000.0,150000,2021-06-22
C01420,44.0,Female,Married,East,Silver,692000.0,50000,2022-09-17
C01421,67.0,M,Married,East,Silver,369000.0,50000,2020-01-26
C01422,69.0,M,Married,West,Silver,362000.0,50000,2023-07-19
C01423,49.0,Female,Single,West,Silver,549000.0,50000,2023-09-20
C01424,54.0,M,Married,East,Gold,842000.0,150000,2021-05-19
C01425,33.0,Female,Single,South,Platinum,2246000.0,300000,2021-07-02
C01426,60.0,Female,Married,West,Silver,623000.0,50000,2021-09-22
C01427,53.0,M,Married,West,Signature,3187000.0,600000,2023-06-23
C01428,65.0,Female,Married,East,Silver,504000.0,50000,2019-12-18
C01429,34.0,Female,Married,East,Gold,1182000.0,150000,2020-11-14
C01430,59.0,Female,Married,North,Platinum,2567000.0,300000,2022-05-14
C01431,44.0,Female,Married,South,Platinum,2095000.0,300000,2022-10-18
C01432,30.0,Female,Divorced,North,Gold,844000.0,150000,2020-08-14
C01433,29.0,Female,Single,East,Gold,1110000.0,150000,2019-08-23
C01434,48.0,M,Married,West,Silver,509000.0,50000,2021-10-12
C01435,36.0,Female,Single,North,Silver,620000.0,50000,2022-07-01
C01436,25.0,Female,Single,West,Gold,1089000.0,150000,2023-03-14
C01437,41.0,Female,Single,North,Silver,448000.0,50000,2019-01-06
C01438,52.0,Female,Married,North,Silver,614000.0,50000,2019-02-05
C01439,36.0,M,Married,West,Silver,531000.0,50000,2021-02-12
C01440,67.0,Female,Married,North,Platinum,1649000.0,300000,2022-02-01
C01441,59.0,Female,Married,East,Platinum,2188000.0,300000,2019-01-08
C01442,46.0,M,Married,West,Platinum,2728000.0,300000,2019-12-13
C01443,66.0,M,Single,South,Gold,1194000.0,150000,2021-04-17
C01444,42.0,Female,Divorced,North,Silver,455000.0,50000,2020-07-12
C01445,27.0,M,Married,South,Silver,599000.0,50000,2022-11-22
C01446,22.0,Female,Married,North,Gold,898000.0,150000,2019-03-11
C01447,66.0,M,Married,East,Gold,1080000.0,150000,2023-11-12
C01448,68.0,M,Married,West,Silver,534000.0,50000,2019-12-05
C01449,57.0,Female,Single,West,Gold,873000.0,150000,2021-05-31
C01450,26.0,Female,Married,West,Gold,944000.0,150000,2024-05-27
C01451,35.0,Female,Single,West,Silver,680000.0,50000,2022-08-18
C01452,23.0,Female,Divorced,West,Silver,438000.0,50000,2024-06-20
C01453,23.0,Female,Single,West,Gold,1261000.0,150000,2019-02-09
C01454,33.0,Female,Single,East,Gold,1167000.0,150000,2022-12-10
C01455,49.0,Female,Married,West,Signature,,600000,2019-06-01
C01456,24.0,Female,Married,South,Gold,796000.0,150000,2022-05-08
C01457,69.0,male ,Married,South,Platinum,1686000.0,300000,2020-10-13
C01458,43.0,M,Single,West,Platinum,1651000.0,300000,2023-04-04
C01459,33.0,M,Married,South,Silver,555000.0,50000,2019-09-06
C01460,46.0,Female,Single,South,Gold,1381000.0,150000,2023-11-29
C01461,59.0,Female,Married,North,Gold,1314000.0,150000,2021-08-19
C01462,36.0,Female,Married,South,Gold,718000.0,150000,2021-11-04
C01463,23.0,M,Married,East,Silver,446000.0,50000,2022-02-16
C01464,23.0,Female,Divorced,West,Platinum,1620000.0,300000,2019-03-12
C01465,62.0,M,Married,North,Signature,5532000.0,600000,2020-09-12
C01466,26.0,Female,Married,East,Silver,432000.0,50000,2022-11-19
C01467,52.0,Female,Married,West,Silver,420000.0,50000,2024-04-05
C01468,39.0,Female,Single,West,Silver,567000.0,50000,2024-05-23
C01469,59.0,Female,Divorced,West,Platinum,2179000.0,300000,2021-12-07
C01470,23.0,M,Married,North,Gold,858000.0,150000,2020-05-31
C01471,64.0,M,Divorced,South,Silver,585000.0,50000,2021-08-13
C01472,55.0,Female,Married,West,Platinum,1536000.0,300000,2021-07-15
C01473,43.0,Female,Single,West,Silver,357000.0,50000,2021-03-05
C01474,31.0,M,Married,East,Gold,758000.0,150000,2020-12-23
C01475,68.0,M,Married,West,Silver,478000.0,50000,2023-10-03
C01476,35.0,M,Single,East,Gold,1383000.0,150000,2021-02-19
C01477,45.0,M,Married,North,Gold,1083000.0,150000,2019-02-28
C01478,40.0,M,Married,West,Silver,614000.0,50000,2022-12-13
C01479,32.0,M,Single,North,Gold,925000.0,150000,2022-08-23
C01480,41.0,Female,Divorced,South,Platinum,2407000.0,300000,2021-01-26
C01481,28.0,M,Married,North,Gold,1376000.0,150000,2022-06-13
C01482,21.0,M,Single,East,Platinum,1901000.0,300000,2024-02-26
C01483,35.0,M,Single,North,Gold,1399000.0,150000,2024-01-23
C01484,26.0,M,Married,East,Platinum,2294000.0,300000,2023-04-29
C01485,41.0,Female,Single,West,Silver,612000.0,50000,2022-03-12
C01486,63.0,M,Married,West,Platinum,1753000.0,300000,2019-02-25
C01487,28.0,Female,Single,South,Silver,575000.0,50000,2021-10-21
C01488,21.0,Female,Married,West,Silver,529000.0,50000,2023-06-26
C01489,26.0,M,Married,South,Silver,685000.0,50000,2023-08-17
C01490,45.0,Female,Married,East,Silver,667000.0,50000,2023-03-26
C01491,34.0,male ,Married,East,Signature,3911000.0,600000,2024-05-27
C01492,44.0,M,Single,North,Signature,5451000.0,600000,2021-10-29
C01493,22.0,M,Divorced,North,Platinum,2639000.0,300000,2019-08-08
C01494,37.0,Female,Married,North,Silver,557000.0,50000,2021-09-20
C01495,41.0,Female,Married,West,Platinum,1515000.0,300000,2020-09-29
C01496,42.0,Female,Married,West,Platinum,1625000.0,300000,2023-07-30
C01497,48.0,Female,Married,South,Silver,377000.0,50000,2023-04-04
C01498,59.0,M,Married,West,Gold,776000.0,150000,2021-04-29
C01499,43.0,Female,Single,North,Gold,1384000.0,150000,2021-02-15
C01500,62.0,M,Single,West,Silver,424000.0,50000,2019-11-15
C01501,46.0,M,Married,North,Gold,1184000.0,150000,2019-03-28
C01502,33.0,Female,Married,North,Platinum,2291000.0,300000,2020-09-17
C01503,32.0,Female,Single,West,Silver,571000.0,50000,2020-04-27
C01504,36.0,Female,Married,South,Gold,845000.0,150000,2020-06-14
C01505,50.0,M,Married,South,Gold,1106000.0,150000,2024-06-19
C01506,32.0,M,Married,West,Platinum,2276000.0,300000,2022-09-24
C01507,65.0,Female,Married,South,Signature,4397000.0,600000,2022-01-07
C01508,44.0,Female,Married,West,Platinum,1661000.0,300000,2019-12-24
C01509,63.0,Female,Single,North,Gold,1206000.0,150000,2023-08-10
C01510,54.0,Female,Married,North,Gold,751000.0,150000,2022-07-13
C01511,37.0,M,Single,South,Gold,1114000.0,150000,2021-10-26
C01512,32.0,M,Married,East,Gold,1005000.0,150000,2021-07-20
C01513,57.0,M,Single,North,Silver,438000.0,50000,2022-01-10
C01514,37.0,M,Married,North,Gold,1265000.0,150000,2023-08-07
C01515,33.0,male ,Married,East,Gold,823000.0,150000,2022-12-11
C01516,66.0,Female,Married,South,Gold,1353000.0,150000,2021-08-27
C01517,44.0,M,Married,South,Platinum,2638000.0,300000,2022-08-28
C01518,23.0,M,Married,North,Gold,952000.0,150000,2024-02-03
C01519,45.0,Female,Single,North,Silver,457000.0,50000,2020-10-14
C01520,43.0,M,Married,North,Silver,,50000,2023-12-06
C01521,63.0,M,Married,East,Silver,671000.0,50000,2022-04-28
C01522,55.0,Female,Married,North,Silver,570000.0,50000,2020-01-06
C01523,30.0,M,Single,North,Gold,722000.0,150000,2024-04-17
C01524,28.0,Female,Single,West,Silver,529000.0,50000,2022-10-04
C01525,50.0,Female,Single,South,Silver,380000.0,50000,2021-02-10
C01526,23.0,male ,Single,East,Silver,551000.0,50000,2020-03-05
C01527,36.0,Female,Single,South,Platinum,2113000.0,300000,2024-01-06
C01528,27.0,Female,Single,West,Platinum,1516000.0,300000,2023-07-05
C01529,22.0,Female,Married,West,Silver,636000.0,50000,2019-03-31
C01530,66.0,male ,Single,South,Silver,442000.0,50000,2022-06-25
C01531,25.0,Female,Single,East,Silver,540000.0,50000,2019-08-18
C01532,21.0,Female,Married,South,Silver,574000.0,50000,2020-08-11
C01533,66.0,Female,Single,West,Silver,687000.0,50000,2022-02-10
C01534,30.0,M,Married,South,Silver,523000.0,50000,2020-05-13
C01535,61.0,Female,Married,West,Silver,671000.0,50000,2021-10-21
C01536,22.0,Female,Married,East,Signature,3794000.0,600000,2021-05-09
C01537,28.0,Female,Single,East,Gold,1300000.0,150000,2022-03-08
C01538,26.0,M,Single,South,Platinum,1730000.0,300000,2023-05-21
C01539,55.0,M,Married,West,Silver,598000.0,50000,2019-11-07
C01540,51.0,M,Married,East,Silver,381000.0,50000,2023-05-12
C01541,44.0,M,Married,West,Signature,5561000.0,600000,2020-03-20
C01542,32.0,M,Married,West,Silver,684000.0,50000,2019-03-08
C01543,25.0,M,Divorced,North,Gold,1010000.0,150000,2021-06-11
C01544,48.0,M,Married,West,Signature,4267000.0,600000,2020-08-27
C01545,32.0,Female,Married,West,Gold,1118000.0,150000,2020-01-05
C01546,49.0,M,Married,North,Silver,446000.0,50000,2021-04-25
C01547,54.0,Female,Divorced,West,Gold,1172000.0,150000,2023-10-04
C01548,62.0,M,Married,East,Silver,594000.0,50000,2022-03-17
C01549,45.0,M,Single,South,Silver,534000.0,50000,2022-12-26
C01550,21.0,M,Married,North,Silver,402000.0,50000,2019-10-27
C01551,34.0,Female,Married,South,Platinum,2687000.0,300000,2019-06-01
C01552,62.0,M,Single,North,Gold,781000.0,150000,2020-11-01
C01553,47.0,Female,Married,East,Silver,570000.0,50000,2023-03-29
C01554,51.0,Female,Single,East,Silver,386000.0,50000,2023-11-07
C01555,43.0,male ,Married,East,Gold,802000.0,150000,2019-07-23
C01556,28.0,Female,Single,East,Platinum,1429000.0,300000,2021-08-11
C01557,64.0,M,Single,South,Silver,477000.0,50000,2021-03-04
C01558,58.0,M,Single,East,Silver,574000.0,50000,2023-01-28
C01559,69.0,M,Married,West,Platinum,2130000.0,300000,2020-02-16
C01560,62.0,M,Single,North,Platinum,2344000.0,300000,2021-08-27
C01561,35.0,Female,Divorced,South,Platinum,2345000.0,300000,2023-08-27
C01562,33.0,Female,Married,West,Silver,399000.0,50000,2021-07-18
C01563,33.0,Female,Married,West,Silver,370000.0,50000,2023-04-12
C01564,66.0,M,Single,West,Gold,1138000.0,150000,2022-05-28
C01565,48.0,Female,Married,North,Silver,579000.0,50000,2022-04-09
C01566,43.0,M,Single,South,Platinum,2179000.0,300000,2020-06-02
C01567,68.0,M,Single,North,Silver,436000.0,50000,2024-06-07
C01568,50.0,M,Married,West,Gold,1268000.0,150000,2020-05-14
C01569,65.0,Female,Single,East,Platinum,1506000.0,300000,2024-02-05
C01570,69.0,Female,Single,North,Signature,4570000.0,600000,2024-06-01
C01571,24.0,M,Married,North,Gold,784000.0,150000,2021-10-19
C01572,38.0,Female,Single,East,Signature,4632000.0,600000,2023-10-04
C01573,56.0,Female,Married,West,Silver,496000.0,50000,2022-12-01
C01574,60.0,Female,Married,West,Silver,601000.0,50000,2023-01-15
C01575,28.0,Female,Single,West,Silver,368000.0,50000,2019-05-18
C01576,36.0,Female,Married,West,Signature,4354000.0,600000,2019-10-02
C01577,47.0,Female,Single,West,Platinum,1603000.0,300000,2019-05-20
C01578,60.0,Female,Married,West,Silver,589000.0,50000,2019-03-02
C01579,26.0,M,Married,West,Silver,392000.0,50000,2023-07-30
C01580,50.0,Female,Married,South,Silver,376000.0,50000,2019-12-17
C01581,35.0,M,Single,West,Silver,600000.0,50000,2019-01-13
C01582,31.0,Female,Single,West,Platinum,1489000.0,300000,2024-02-19
C01583,46.0,M,Single,North,Silver,429000.0,50000,2020-07-11
C01584,41.0,M,Divorced,East,Platinum,2555000.0,300000,2023-06-21
C01585,52.0,M,Single,South,Gold,1267000.0,150000,2024-04-05
C01586,36.0,M,Single,North,Silver,,50000,2021-11-12
C01587,61.0,M,Married,North,Silver,464000.0,50000,2024-01-28
C01588,24.0,M,Divorced,North,Signature,,600000,2024-04-21
C01589,63.0,M,Single,West,Gold,1241000.0,150000,2019-10-16
C01590,22.0,M,Single,West,Gold,796000.0,150000,2019-10-21
C01591,57.0,Female,Married,North,Silver,604000.0,50000,2021-01-09
C01592,37.0,Female,Married,East,Platinum,1536000.0,300000,2022-01-23
C01593,39.0,Female,Single,East,Platinum,2679000.0,300000,2023-04-22
C01594,21.0,M,Married,East,Platinum,2292000.0,300000,2020-01-02
C01595,55.0,M,Married,East,Gold,1045000.0,150000,2020-01-22
C01596,29.0,Female,Divorced,West,Platinum,2079000.0,300000,2020-09-04
C01597,53.0,male ,Married,East,Silver,413000.0,50000,2020-06-26
C01598,56.0,M,Married,East,Gold,942000.0,150000,2024-02-24
C01599,62.0,Female,Married,East,Gold,1209000.0,150000,2021-03-02
C01600,55.0,Female,Married,South,Gold,1079000.0,150000,2023-10-03
C01601,35.0,M,Single,West,Signature,4282000.0,600000,2019-04-22
C01602,57.0,Female,Divorced,South,Signature,3347000.0,600000,2019-07-23
C01603,61.0,M,Divorced,West,Gold,1183000.0,150000,2023-05-27
C01604,36.0,Female,Single,East,Gold,974000.0,150000,2020-05-14
C01605,27.0,M,Single,East,Platinum,1656000.0,300000,2019-06-15
C01606,64.0,male ,Married,West,Signature,5443000.0,600000,2022-04-04
C01607,28.0,Female,Single,East,Platinum,2110000.0,300000,2019-10-22
C01608,50.0,M,Married,East,Silver,535000.0,50000,2019-05-03
C01609,32.0,Female,Married,East,Silver,693000.0,50000,2021-03-23
C01610,27.0,M,Divorced,East,Platinum,1913000.0,300000,2022-01-05
C01611,59.0,Female,Single,South,Platinum,2720000.0,300000,2021-11-20
C01612,28.0,Female,Married,East,Platinum,,300000,2022-03-14
C01613,53.0,M,Single,West,Gold,1143000.0,150000,2019-02-17
C01614,54.0,Female,Married,East,Gold,864000.0,150000,2020-08-04
C01615,23.0,M,Married,West,Gold,736000.0,150000,2020-11-17
C01616,29.0,M,Married,West,Platinum,2013000.0,300000,2020-08-09
C01617,59.0,M,Married,South,Silver,354000.0,50000,2022-01-23
C01618,45.0,Female,Married,North,Gold,750000.0,150000,2020-04-03
C01619,26.0,Female,Married,South,Gold,1117000.0,150000,2022-06-17
C01620,69.0,Female,Married,West,Platinum,2414000.0,300000,2024-02-15
C01621,33.0,Female,Married,West,Silver,409000.0,50000,2022-08-14
C01622,21.0,Female,Divorced,East,Platinum,2426000.0,300000,2021-02-16
C01623,66.0,M,Single,West,Silver,682000.0,50000,2021-05-19
C01624,21.0,Female,Single,North,Silver,610000.0,50000,2022-03-16
C01625,48.0,Female,Married,East,Gold,1249000.0,150000,2022-12-18
C01626,69.0,M,Single,East,Silver,595000.0,50000,2020-08-26
C01627,49.0,Female,Single,East,Signature,3429000.0,600000,2019-03-18
C01628,49.0,M,Married,East,Platinum,1905000.0,300000,2022-11-06
C01629,40.0,M,Married,South,Silver,682000.0,50000,2022-08-16
C01630,27.0,M,Married,East,Platinum,2326000.0,300000,2019-07-22
C01631,49.0,M,Married,East,Gold,1252000.0,150000,2022-06-07
C01632,64.0,M,Married,West,Gold,1378000.0,150000,2019-05-24
C01633,25.0,Female,Married,North,Platinum,1724000.0,300000,2022-07-10
C01634,64.0,Female,Married,South,Gold,925000.0,150000,2023-01-28
C01635,41.0,Female,Single,South,Silver,576000.0,50000,2019-02-01
C01636,47.0,M,Married,North,Silver,359000.0,50000,2022-12-24
C01637,29.0,M,Married,South,Gold,1100000.0,150000,2019-08-29
C01638,51.0,M,Single,South,Signature,5064000.0,600000,2020-06-14
C01639,29.0,Female,Married,South,Gold,1127000.0,150000,2022-11-10
C01640,34.0,male ,Married,South,Silver,453000.0,50000,2020-12-11
C01641,56.0,Female,Married,East,Silver,603000.0,50000,2024-05-08
C01642,23.0,Female,Married,East,Platinum,1604000.0,300000,2024-03-29
C01643,42.0,Female,Married,South,Silver,663000.0,50000,2024-05-27
C01644,50.0,Female,Married,West,Gold,771000.0,150000,2019-07-28
C01645,27.0,M,Married,South,Gold,1304000.0,150000,2019-12-19
C01646,35.0,Female,Divorced,East,Silver,524000.0,50000,2020-01-02
C01647,37.0,Female,Divorced,North,Silver,500000.0,50000,2022-03-16
C01648,53.0,Female,Married,North,Silver,525000.0,50000,2021-05-10
C01649,68.0,Female,Married,South,Silver,420000.0,50000,2023-01-31
C01650,61.0,Female,Married,South,Gold,1020000.0,150000,2020-07-18
C01651,30.0,Female,Single,South,Platinum,2590000.0,300000,2020-02-04
C01652,21.0,M,Single,North,Silver,630000.0,50000,2022-07-22
C01653,23.0,male ,Married,South,Gold,814000.0,150000,2022-05-19
C01654,50.0,Female,Married,East,Silver,586000.0,50000,2022-10-13
C01655,28.0,M,Married,East,Silver,650000.0,50000,2020-09-16
C01656,32.0,Female,Single,North,Platinum,2548000.0,300000,2021-11-18
C01657,62.0,M,Single,South,Platinum,1996000.0,300000,2024-01-31
C01658,63.0,male ,Married,East,Platinum,1467000.0,300000,2022-05-07
C01659,62.0,M,Single,East,Silver,676000.0,50000,2024-02-08
C01660,33.0,M,Married,West,Gold,977000.0,150000,2021-05-16
C01661,51.0,Female,Single,South,Gold,953000.0,150000,2019-03-31
C01662,50.0,M,Divorced,East,Signature,4927000.0,600000,2023-03-01
C01663,30.0,M,Married,West,Gold,885000.0,150000,2021-07-09
C01664,48.0,M,Married,South,Signature,5137000.0,600000,2019-03-26
C01665,46.0,M,Single,West,Silver,377000.0,50000,2019-10-05
C01666,40.0,Female,Married,South,Gold,1218000.0,150000,2020-09-17
C01667,57.0,Female,Single,South,Platinum,2752000.0,300000,2020-01-17
C01668,54.0,M,Married,East,Silver,699000.0,50000,2022-09-30
C01669,47.0,Female,Single,East,Gold,1347000.0,150000,2022-05-07
C01670,56.0,M,Married,East,Gold,1310000.0,150000,2020-10-21
C01671,58.0,Female,Married,North,Signature,3581000.0,600000,2019-06-19
C01672,48.0,M,Married,North,Silver,688000.0,50000,2019-06-07
C01673,34.0,M,Married,West,Signature,5398000.0,600000,2024-03-06
C01674,58.0,M,Married,West,Gold,1074000.0,150000,2020-11-21
C01675,56.0,Female,Single,West,Gold,981000.0,150000,2019-08-03
C01676,69.0,M,Married,East,Gold,776000.0,150000,2022-11-23
C01677,28.0,M,Married,West,Silver,557000.0,50000,2023-10-06
C01678,41.0,Female,Married,South,Signature,4762000.0,600000,2019-09-01
C01679,66.0,Female,Married,North,Platinum,1966000.0,300000,2024-03-04
C01680,46.0,M,Single,North,Signature,3937000.0,600000,2022-12-20
C01681,67.0,male ,Divorced,South,Signature,4405000.0,600000,2020-05-19
C01682,21.0,Female,Married,South,Gold,719000.0,150000,2023-03-31
C01683,22.0,M,Single,West,Gold,1371000.0,150000,2021-04-19
C01684,60.0,Female,Single,South,Platinum,1806000.0,300000,2022-06-24
C01685,38.0,M,Divorced,East,Silver,399000.0,50000,2019-09-11
C01686,46.0,Female,Married,South,Platinum,1408000.0,300000,2020-05-03
C01687,41.0,M,Married,East,Gold,1300000.0,150000,2023-03-27
C01688,40.0,Female,Married,East,Gold,1304000.0,150000,2023-05-30
C01689,67.0,M,Single,North,Silver,383000.0,50000,2019-01-22
C01690,25.0,M,Single,South,Silver,403000.0,50000,2020-03-04
C01691,58.0,Female,Married,North,Silver,,50000,2022-04-30
C01692,64.0,M,Married,West,Gold,830000.0,150000,2023-12-17
C01693,53.0,male ,Single,East,Gold,1215000.0,150000,2022-09-10
C01694,40.0,Female,Single,West,Silver,370000.0,50000,2022-11-14
C01695,28.0,Female,Married,West,Silver,542000.0,50000,2021-02-16
C01696,54.0,M,Single,North,Gold,968000.0,150000,2019-04-20
C01697,43.0,Female,Married,East,Silver,513000.0,50000,2023-03-12
C01698,28.0,M,Married,North,Platinum,1995000.0,300000,2023-05-18
C01699,38.0,M,Married,West,Silver,404000.0,50000,2021-06-05
C01700,68.0,Female,Single,West,Gold,854000.0,150000,2021-10-09
C01701,34.0,Female,Divorced,East,Silver,373000.0,50000,2020-04-15
C01702,29.0,Female,Married,West,Gold,781000.0,150000,2021-06-24
C01703,54.0,M,Married,West,Gold,1385000.0,150000,2020-04-28
C01704,30.0,Female,Married,West,Gold,896000.0,150000,2021-04-21
C01705,66.0,Female,Married,North,Gold,915000.0,150000,2019-09-26
C01706,63.0,M,Married,North,Gold,789000.0,150000,2022-04-28
C01707,69.0,Female,Married,West,Silver,614000.0,50000,2020-05-10
C01708,65.0,M,Married,South,Gold,1347000.0,150000,2022-12-20
C01709,32.0,M,Married,South,Silver,626000.0,50000,2021-11-01
C01710,31.0,Female,Married,North,Gold,1129000.0,150000,2023-11-27
C01711,37.0,Female,Single,East,Gold,1269000.0,150000,2020-03-18
C01712,44.0,M,Married,West,Platinum,1966000.0,300000,2020-06-29
C01713,64.0,M,Single,West,Gold,1302000.0,150000,2020-05-01
C01714,56.0,M,Divorced,East,Silver,629000.0,50000,2022-06-15
C01715,52.0,Female,Single,East,Silver,351000.0,50000,2019-08-02
C01716,64.0,M,Married,East,Silver,521000.0,50000,2022-10-04
C01717,52.0,M,Married,South,Gold,885000.0,150000,2023-06-27
C01718,39.0,Female,Single,East,Platinum,1521000.0,300000,2022-09-11
C01719,41.0,M,Married,West,Platinum,2585000.0,300000,2019-09-27
C01720,,Female,Married,South,Gold,706000.0,150000,2021-09-13
C01721,25.0,M,Married,South,Silver,606000.0,50000,2021-12-02
C01722,,male ,Married,East,Platinum,2783000.0,300000,2021-02-21
C01723,52.0,M,Married,East,Silver,519000.0,50000,2021-07-21
C01724,56.0,M,Single,North,Silver,480000.0,50000,2023-03-05
C01725,47.0,M,Married,South,Platinum,2248000.0,300000,2023-07-28
C01726,59.0,Female,Married,East,Silver,632000.0,50000,2020-08-23
C01727,67.0,Female,Single,East,Silver,434000.0,50000,2020-10-21
C01728,48.0,M,Married,East,Silver,438000.0,50000,2020-02-21
C01729,42.0,M,Single,West,Gold,1125000.0,150000,2021-03-14
C01730,26.0,Female,Married,East,Silver,679000.0,50000,2021-12-27
C01731,59.0,M,Married,East,Gold,909000.0,150000,2022-11-28
C01732,65.0,M,Divorced,South,Gold,964000.0,150000,2020-06-19
C01733,55.0,Female,Married,South,Silver,698000.0,50000,2020-03-08
C01734,63.0,M,Married,West,Silver,412000.0,50000,2019-03-08
C01735,63.0,M,Divorced,South,Platinum,1508000.0,300000,2019-07-07
C01736,,M,Single,East,Silver,556000.0,50000,2019-04-14
C01737,45.0,M,Single,North,Platinum,1434000.0,300000,2020-02-19
C01738,25.0,Female,Married,North,Gold,826000.0,150000,2022-10-22
C01739,21.0,Female,Married,North,Silver,568000.0,50000,2023-03-29
C01740,31.0,Female,Single,North,Gold,1162000.0,150000,2024-04-30
C01741,42.0,M,Married,East,Gold,1057000.0,150000,2021-12-26
C01742,57.0,male ,Married,East,Gold,969000.0,150000,2021-06-28
C01743,43.0,male ,Single,East,Platinum,2207000.0,300000,2023-12-04
C01744,22.0,Female,Married,South,Platinum,2301000.0,300000,2019-10-22
C01745,31.0,M,Married,East,Platinum,2525000.0,300000,2022-06-14
C01746,68.0,Female,Married,North,Gold,1255000.0,150000,2023-06-25
C01747,,M,Married,South,Gold,1165000.0,150000,2021-10-02
C01748,39.0,M,Single,North,Gold,1326000.0,150000,2020-06-06
C01749,60.0,M,Single,North,Silver,643000.0,50000,2022-05-26
C01750,56.0,M,Married,North,Platinum,1587000.0,300000,2024-06-14
C01751,66.0,M,Married,North,Platinum,2739000.0,300000,2020-04-16
C01752,64.0,Female,Married,South,Silver,662000.0,50000,2022-01-31
C01753,51.0,Female,Married,East,Platinum,1849000.0,300000,2019-04-12
C01754,40.0,M,Married,East,Platinum,1428000.0,300000,2020-04-10
C01755,51.0,Female,Divorced,South,Gold,1123000.0,150000,2023-03-15
C01756,36.0,Female,Married,North,Platinum,2014000.0,300000,2021-09-19
C01757,38.0,Female,Married,North,Silver,612000.0,50000,2020-02-03
C01758,50.0,Female,Divorced,East,Silver,534000.0,50000,2020-11-01
C01759,48.0,Female,Married,West,Silver,377000.0,50000,2019-08-30
C01760,49.0,Female,Divorced,South,Gold,871000.0,150000,2023-04-08
C01761,39.0,Female,Married,North,Silver,659000.0,50000,2024-02-29
C01762,41.0,Female,Married,South,Signature,2906000.0,600000,2019-07-31
C01763,21.0,M,Divorced,North,Silver,608000.0,50000,2020-04-20
C01764,50.0,M,Married,North,Silver,452000.0,50000,2023-09-11
C01765,49.0,M,Married,South,Gold,1017000.0,150000,2023-10-24
C01766,66.0,Female,Married,West,Silver,536000.0,50000,2023-03-15
C01767,45.0,M,Single,East,Gold,875000.0,150000,2022-12-01
C01768,43.0,Female,Single,West,Silver,578000.0,50000,2023-09-19
C01769,24.0,Female,Married,South,Signature,4742000.0,600000,2021-01-16
C01770,30.0,Female,Single,South,Gold,760000.0,150000,2023-11-25
C01771,37.0,M,Single,South,Silver,481000.0,50000,2023-11-09
C01772,39.0,Female,Married,North,Silver,611000.0,50000,2020-04-04
C01773,38.0,Female,Married,South,Silver,603000.0,50000,2019-05-27
C01774,40.0,M,Married,South,Signature,4325000.0,600000,2021-11-08
C01775,58.0,Female,Married,South,Gold,1244000.0,150000,2023-02-25
C01776,27.0,M,Married,North,Gold,775000.0,150000,2023-08-27
C01777,37.0,Female,Married,East,Silver,391000.0,50000,2019-10-12
C01778,28.0,male ,Married,West,Platinum,2320000.0,300000,2021-01-24
C01779,36.0,M,Married,West,Silver,593000.0,50000,2023-03-16
C01780,54.0,M,Single,North,Gold,1270000.0,150000,2019-05-01
C01781,23.0,M,Married,North,Platinum,1653000.0,300000,2022-12-16
C01782,37.0,M,Divorced,West,Silver,531000.0,50000,2020-08-06
C01783,,Female,Divorced,West,Gold,1163000.0,150000,2019-02-14
C01784,67.0,M,Single,East,Silver,428000.0,50000,2020-04-28
C01785,56.0,M,Divorced,South,Silver,531000.0,50000,2023-01-23
C01786,,Female,Single,East,Signature,4588000.0,600000,2023-10-07
C01787,30.0,Female,Married,East,Gold,850000.0,150000,2019-06-12
C01788,25.0,Female,Single,West,Platinum,1926000.0,300000,2021-07-16
C01789,,male ,Married,East,Gold,851000.0,150000,2020-02-07
C01790,57.0,M,Single,North,Silver,666000.0,50000,2022-09-29
C01791,49.0,Female,Married,East,Gold,866000.0,150000,2023-04-11
C01792,64.0,M,Married,West,Gold,785000.0,150000,2024-04-08
C01793,37.0,Female,Married,South,Silver,362000.0,50000,2020-12-10
C01794,34.0,male ,Divorced,North,Gold,731000.0,150000,2020-08-21
C01795,44.0,Female,Married,North,Gold,834000.0,150000,2020-09-11
C01796,30.0,Female,Married,West,Platinum,2251000.0,300000,2023-03-03
C01797,68.0,Female,Married,South,Silver,356000.0,50000,2021-06-09
C01798,30.0,M,Married,East,Platinum,1801000.0,300000,2019-02-15
C01799,44.0,Female,Single,West,Silver,370000.0,50000,2024-03-10
C01800,46.0,Female,Single,North,Silver,491000.0,50000,2019-07-28
C01801,23.0,Female,Married,North,Silver,367000.0,50000,2024-01-31
C01802,43.0,M,Married,West,Platinum,2251000.0,300000,2019-11-20
C01803,43.0,M,Married,East,Silver,591000.0,50000,2021-12-12
C01804,33.0,Female,Married,North,Gold,1212000.0,150000,2020-09-16
C01805,27.0,M,Single,East,Silver,429000.0,50000,2022-10-05
C01806,23.0,M,Single,North,Gold,1308000.0,150000,2021-03-16
C01807,21.0,M,Married,West,Platinum,2366000.0,300000,2021-01-04
C01808,44.0,Female,Single,West,Silver,370000.0,50000,2021-08-12
C01809,25.0,M,Married,West,Signature,4034000.0,600000,2024-04-25
C01810,68.0,M,Single,South,Silver,619000.0,50000,2020-05-05
C01811,32.0,M,Married,South,Silver,459000.0,50000,2020-03-15
C01812,52.0,Female,Single,West,Gold,,150000,2019-05-13
C01813,54.0,Female,Married,East,Gold,1141000.0,150000,2023-01-17
C01814,45.0,M,Divorced,East,Silver,369000.0,50000,2022-09-17
C01815,64.0,M,Married,North,Gold,1377000.0,150000,2022-05-02
C01816,26.0,male ,Married,East,Silver,411000.0,50000,2019-02-17
C01817,32.0,M,Married,East,Gold,719000.0,150000,2023-05-01
C01818,33.0,Female,Married,South,Gold,704000.0,150000,2023-06-07
C01819,27.0,M,Married,West,Signature,3919000.0,600000,2024-03-05
C01820,35.0,Female,Single,North,Gold,1319000.0,150000,2024-02-02
C01821,36.0,M,Single,East,Gold,1274000.0,150000,2020-06-10
C01822,58.0,Female,Married,West,Gold,1338000.0,150000,2022-11-21
C01823,35.0,M,Single,East,Silver,537000.0,50000,2021-03-16
C01824,63.0,Female,Single,North,Silver,507000.0,50000,2022-04-06
C01825,58.0,Female,Married,East,Signature,3880000.0,600000,2020-10-26
C01826,65.0,Female,Married,East,Silver,366000.0,50000,2022-08-07
C01827,26.0,M,Married,East,Platinum,2673000.0,300000,2024-03-20
C01828,69.0,M,Married,South,Silver,524000.0,50000,2022-07-28
C01829,51.0,Female,Single,East,Platinum,2037000.0,300000,2024-01-16
C01830,69.0,Female,Divorced,South,Silver,530000.0,50000,2024-02-07
C01831,38.0,M,Single,East,Signature,5024000.0,600000,2019-08-26
C01832,67.0,male ,Married,East,Gold,857000.0,150000,2024-04-12
C01833,49.0,M,Single,East,Silver,598000.0,50000,2023-06-25
C01834,24.0,Female,Single,West,Gold,1198000.0,150000,2021-05-03
C01835,41.0,Female,Married,West,Gold,1295000.0,150000,2022-04-15
C01836,27.0,Female,Single,West,Silver,353000.0,50000,2022-05-19
C01837,67.0,Female,Married,West,Silver,410000.0,50000,2023-04-22
C01838,35.0,M,Married,West,Gold,1030000.0,150000,2023-05-25
C01839,31.0,M,Married,North,Platinum,,300000,2019-07-24
C01840,48.0,M,Married,South,Silver,688000.0,50000,2019-01-03
C01841,41.0,Female,Single,East,Platinum,2233000.0,300000,2020-05-07
C01842,25.0,M,Married,South,Silver,424000.0,50000,2021-11-20
C01843,61.0,M,Married,East,Silver,415000.0,50000,2023-08-26
C01844,62.0,M,Married,North,Gold,1148000.0,150000,2022-07-29
C01845,57.0,M,Married,North,Silver,424000.0,50000,2019-09-29
C01846,51.0,Female,Married,East,Silver,544000.0,50000,2022-12-05
C01847,40.0,M,Married,West,Gold,1284000.0,150000,2021-07-25
C01848,47.0,M,Single,South,Silver,486000.0,50000,2021-01-07
C01849,46.0,Female,Married,South,Silver,482000.0,50000,2023-03-24
C01850,29.0,M,Single,East,Gold,725000.0,150000,2020-08-14
C01851,25.0,M,Married,South,Gold,878000.0,150000,2022-05-22
C01852,33.0,M,Single,North,Platinum,,300000,2019-12-31
C01853,43.0,Female,Single,East,Gold,952000.0,150000,2021-02-02
C01854,28.0,M,Married,West,Gold,811000.0,150000,2022-01-20
C01855,26.0,Female,Married,East,Silver,387000.0,50000,2022-05-31
C01856,62.0,Female,Divorced,West,Platinum,1533000.0,300000,2024-01-13
C01857,39.0,Female,Married,East,Silver,581000.0,50000,2020-08-03
C01858,49.0,M,Single,West,Silver,564000.0,50000,2023-11-27
C01859,46.0,Female,Married,North,Platinum,2126000.0,300000,2023-06-22
C01860,57.0,M,Married,North,Platinum,2100000.0,300000,2020-12-20
C01861,57.0,M,Married,North,Gold,807000.0,150000,2019-10-08
C01862,35.0,Female,Single,West,Silver,525000.0,50000,2020-05-30
C01863,62.0,M,Married,East,Silver,371000.0,50000,2022-08-08
C01864,39.0,M,Single,North,Gold,1348000.0,150000,2023-04-27
C01865,61.0,male ,Single,West,Platinum,1481000.0,300000,2022-05-09
C01866,40.0,M,Married,South,Gold,996000.0,150000,2022-12-20
C01867,26.0,M,Married,East,Silver,350000.0,50000,2019-07-23
C01868,58.0,Female,Married,North,Silver,625000.0,50000,2021-10-07
C01869,22.0,Female,Married,North,Gold,816000.0,150000,2023-10-14
C01870,58.0,M,Single,South,Gold,1347000.0,150000,2021-02-17
C01871,23.0,Female,Married,North,Silver,365000.0,50000,2023-12-03
C01872,31.0,M,Married,East,Silver,637000.0,50000,2019-09-05
C01873,50.0,M,Single,North,Silver,580000.0,50000,2024-05-11
C01874,67.0,M,Single,North,Silver,437000.0,50000,2023-04-20
C01875,41.0,M,Married,East,Gold,842000.0,150000,2022-06-06
C01876,26.0,M,Single,South,Silver,475000.0,50000,2022-05-19
C01877,32.0,M,Married,East,Gold,1280000.0,150000,2024-02-16
C01878,64.0,M,Single,East,Platinum,2607000.0,300000,2021-01-23
C01879,56.0,Female,Married,West,Signature,3291000.0,600000,2019-11-26
C01880,25.0,M,Married,West,Signature,3790000.0,600000,2024-01-12
C01881,39.0,M,Married,North,Silver,433000.0,50000,2019-07-25
C01882,33.0,M,Single,East,Silver,393000.0,50000,2022-08-12
C01883,29.0,Female,Single,East,Silver,576000.0,50000,2020-06-15
C01884,62.0,M,Married,East,Gold,942000.0,150000,2024-02-02
C01885,51.0,male ,Single,West,Silver,429000.0,50000,2024-05-01
C01886,29.0,M,Single,North,Silver,653000.0,50000,2021-08-06
C01887,52.0,M,Married,South,Silver,612000.0,50000,2021-12-02
C01888,41.0,Female,Single,West,Silver,621000.0,50000,2021-06-28
C01889,24.0,M,Married,West,Gold,727000.0,150000,2021-04-30
C01890,43.0,M,Divorced,North,Gold,1341000.0,150000,2024-02-18
C01891,30.0,M,Married,South,Gold,1102000.0,150000,2020-07-28
C01892,33.0,Female,Married,South,Platinum,2105000.0,300000,2024-04-03
C01893,64.0,Female,Married,North,Silver,354000.0,50000,2022-07-24
C01894,55.0,Female,Married,North,Silver,664000.0,50000,2024-04-05
C01895,27.0,Female,Single,East,Silver,540000.0,50000,2022-05-09
C01896,62.0,M,Married,East,Gold,1278000.0,150000,2023-06-26
C01897,49.0,Female,Married,East,Gold,1159000.0,150000,2021-09-06
C01898,63.0,M,Married,South,Silver,629000.0,50000,2021-07-13
C01899,57.0,Female,Single,West,Signature,4740000.0,600000,2020-05-29
C01900,37.0,M,Single,East,Silver,672000.0,50000,2020-02-25
C01901,47.0,M,Married,West,Silver,429000.0,50000,2019-03-17
C01902,47.0,Female,Married,South,Gold,841000.0,150000,2021-02-05
C01903,56.0,M,Married,North,Signature,4795000.0,600000,2024-05-29
C01904,33.0,Female,Single,South,Gold,1051000.0,150000,2024-02-20
C01905,37.0,M,Single,East,Signature,4478000.0,600000,2022-10-12
C01906,32.0,Female,Single,South,Silver,598000.0,50000,2020-12-28
C01907,35.0,Female,Single,West,Gold,1083000.0,150000,2021-11-06
C01908,28.0,M,Married,North,Platinum,2503000.0,300000,2023-02-22
C01909,22.0,Female,Single,East,Gold,923000.0,150000,2019-01-05
C01910,67.0,Female,Married,South,Silver,651000.0,50000,2024-01-21
C01911,24.0,Female,Married,North,Signature,3101000.0,600000,2023-10-07
C01912,64.0,M,Married,East,Silver,572000.0,50000,2024-04-24
C01913,21.0,Female,Married,West,Gold,1323000.0,150000,2019-07-08
C01914,59.0,male ,Divorced,East,Platinum,1754000.0,300000,2024-03-10
C01915,37.0,M,Married,North,Platinum,1858000.0,300000,2022-05-11
C01916,46.0,M,Single,North,Signature,3655000.0,600000,2022-01-15
C01917,34.0,M,Single,South,Platinum,2190000.0,300000,2019-12-26
C01918,45.0,Female,Single,East,Silver,495000.0,50000,2021-09-10
C01919,43.0,M,Divorced,South,Platinum,1551000.0,300000,2020-12-27
C01920,46.0,Female,Married,South,Gold,1324000.0,150000,2024-05-29
C01921,40.0,Female,Married,West,Gold,843000.0,150000,2020-11-10
C01922,,M,Married,North,Silver,537000.0,50000,2020-03-12
C01923,61.0,M,Married,North,Platinum,2233000.0,300000,2024-03-07
C01924,42.0,Female,Single,North,Gold,729000.0,150000,2020-01-11
C01925,38.0,M,Married,West,Platinum,1534000.0,300000,2023-12-14
C01926,27.0,Female,Married,South,Silver,690000.0,50000,2024-04-10
C01927,38.0,Female,Married,North,Silver,583000.0,50000,2020-09-06
C01928,27.0,Female,Married,South,Gold,723000.0,150000,2022-10-10
C01929,29.0,M,Single,West,Silver,628000.0,50000,2023-05-13
C01930,67.0,Female,Married,East,Gold,1056000.0,150000,2021-12-08
C01931,25.0,Female,Single,North,Silver,376000.0,50000,2022-10-25
C01932,44.0,M,Single,North,Gold,1177000.0,150000,2019-09-22
C01933,61.0,Female,Single,North,Silver,525000.0,50000,2021-10-29
C01934,67.0,Female,Married,West,Silver,422000.0,50000,2021-10-23
C01935,28.0,Female,Single,North,Gold,1314000.0,150000,2022-02-06
C01936,29.0,M,Married,South,Silver,452000.0,50000,2024-03-03
C01937,39.0,M,Married,South,Silver,450000.0,50000,2023-07-08
C01938,48.0,M,Single,East,Silver,445000.0,50000,2022-04-20
C01939,68.0,M,Single,East,Silver,619000.0,50000,2021-03-17
C01940,31.0,M,Married,West,Gold,1194000.0,150000,2021-03-20
C01941,29.0,Female,Single,South,Silver,666000.0,50000,2019-02-10
C01942,33.0,M,Married,South,Silver,430000.0,50000,2022-01-07
C01943,63.0,Female,Single,South,Gold,1250000.0,150000,2020-05-19
C01944,22.0,M,Divorced,North,Gold,1101000.0,150000,2023-11-08
C01945,39.0,M,Married,East,Gold,916000.0,150000,2023-03-28
C01946,26.0,M,Single,East,Silver,362000.0,50000,2023-12-31
C01947,28.0,M,Single,South,Signature,5093000.0,600000,2024-06-14
C01948,65.0,Female,Single,West,Gold,869000.0,150000,2021-03-11
C01949,21.0,Female,Single,North,Silver,571000.0,50000,2021-05-06
C01950,36.0,Female,Single,West,Platinum,2168000.0,300000,2022-05-01
C01951,65.0,M,Married,East,Gold,703000.0,150000,2021-05-11
C01952,50.0,Female,Single,North,Gold,1396000.0,150000,2020-07-12
C01953,24.0,M,Married,East,Platinum,2540000.0,300000,2022-11-15
C01954,43.0,Female,Divorced,West,Silver,520000.0,50000,2021-06-21
C01955,68.0,male ,Married,South,Platinum,2352000.0,300000,2024-02-27
C01956,40.0,M,Married,South,Gold,1034000.0,150000,2020-03-15
C01957,46.0,M,Single,West,Silver,,50000,2021-06-06
C01958,47.0,M,Married,North,Silver,397000.0,50000,2021-11-28
C01959,53.0,M,Married,North,Silver,506000.0,50000,2023-12-21
C01960,30.0,Female,Single,East,Signature,3740000.0,600000,2022-03-02
C01961,62.0,Female,Married,West,Silver,511000.0,50000,2019-05-19
C01962,69.0,Female,Married,East,Silver,508000.0,50000,2020-11-06
C01963,27.0,M,Married,North,Gold,800000.0,150000,2023-11-08
C01964,61.0,Female,Married,East,Gold,1384000.0,150000,2020-06-28
C01965,61.0,M,Married,South,Silver,355000.0,50000,2020-11-12
C01966,57.0,Female,Married,West,Platinum,1414000.0,300000,2019-10-30
C01967,39.0,M,Married,East,Gold,961000.0,150000,2022-12-09
C01968,43.0,M,Married,South,Platinum,2269000.0,300000,2019-10-07
C01969,62.0,Female,Married,East,Silver,413000.0,50000,2021-01-05
C01970,28.0,M,Single,East,Silver,537000.0,50000,2022-11-23
C01971,61.0,M,Single,East,Gold,1206000.0,150000,2023-11-26
C01972,66.0,male ,Married,South,Silver,383000.0,50000,2020-03-19
C01973,54.0,M,Married,East,Gold,1389000.0,150000,2020-10-26
C01974,37.0,Female,Single,North,Silver,468000.0,50000,2019-08-24
C01975,48.0,M,Single,South,Platinum,2299000.0,300000,2021-05-25
C01976,23.0,Female,Married,South,Platinum,1555000.0,300000,2024-06-20
C01977,66.0,Female,Married,East,Platinum,2393000.0,300000,2020-08-31
C01978,37.0,Female,Married,West,Signature,5153000.0,600000,2020-06-03
C01979,23.0,Female,Single,West,Platinum,1547000.0,300000,2021-03-10
C01980,59.0,Female,Divorced,South,Gold,788000.0,150000,2023-11-28
C01981,53.0,Female,Divorced,East,Silver,448000.0,50000,2021-12-30
C01982,51.0,M,Married,North,Platinum,1417000.0,300000,2022-05-03
C01983,23.0,M,Married,South,Platinum,2780000.0,300000,2023-04-11
C01984,57.0,Female,Married,East,Signature,4475000.0,600000,2022-12-01
C01985,52.0,M,Married,East,Platinum,2251000.0,300000,2022-04-12
C01986,59.0,M,Married,West,Silver,686000.0,50000,2022-01-26
C01987,61.0,M,Single,South,Signature,5130000.0,600000,2021-12-02
C01988,31.0,Female,Married,West,Signature,5080000.0,600000,2019-12-28
C01989,31.0,M,Divorced,West,Gold,938000.0,150000,2021-04-08
C01990,66.0,Female,Married,East,Platinum,,300000,2023-08-22
C01991,47.0,Female,Married,North,Gold,904000.0,150000,2019-03-20
C01992,42.0,Female,Single,South,Signature,3771000.0,600000,2023-07-14
C01993,35.0,male ,Single,West,Silver,479000.0,50000,2022-02-05
C01994,52.0,Female,Married,East,Platinum,1596000.0,300000,2020-11-30
C01995,57.0,Female,Single,West,Silver,475000.0,50000,2019-08-17
C01996,21.0,M,Married,West,Silver,506000.0,50000,2023-03-08
C01997,48.0,Female,Married,North,Silver,458000.0,50000,2019-01-02
C01998,69.0,M,Married,West,Gold,816000.0,150000,2021-12-22
C01999,34.0,Female,Married,South,Silver,481000.0,50000,2019-11-21
C02000,34.0,M,Single,West,Signature,4147000.0,600000,2023-12-24
